Home_SLA,Work_SLA,workers
Botany,Botany,3903
Marrickville,Botany,1173
South_Sydney,Botany,976
Sydney_Inner,Botany,16
Sydney_Remainder,Botany,42
Randwick,Botany,4526
Waverley,Botany,925
Woollahra,Botany,567
Hurstville,Botany,1267
Kogarah,Botany,1220
Rockdale,Botany,3032
Sutherland,Botany,5079
Bankstown,Botany,1353
Canterbury,Botany,1553
Fairfield,Botany,533
Liverpool,Botany,462
Camden,Botany,65
Campbell_town,Botany,644
Wollon_dilly,Botany,54
Ashfield,Botany,323
Burwood,Botany,181
Concord,Botany,172
Drum_moyne,Botany,278
Strathfield,Botany,136
Auburn,Botany,185
Holroyd,Botany,269
Parramatta,Botany,439
Blue_Mountains,Botany,91
Hawkes_bury,Botany,70
Penrith,Botany,315
Baulkham_Hills,Botany,392
Blacktown,Botany,549
Hunters_Hill,Botany,53
Lane_Cove,Botany,135
Mosman,Botany,151
North_Sydney,Botany,355
Ryde,Botany,394
Willoughby,Botany,268
Hornsby,Botany,327
Ku_ring_gai,Botany,327
Manly,Botany,251
Warringah,Botany,783
Gosford,Botany,220
Wyong,Botany,103
Cessnock,Botany,0
Lake_Macquarie,Botany,45
Maitland,Botany,6
Newcastle_Inner,Botany,0
Newcastle_Remainder,Botany,7
Port_Stephens,Botany,12
Kiama,Botany,22
Shell_harbour,Botany,51
Shoal_haven,Botany,17
Wingecar_ribee,Botany,71
Wollong_ong,Botany,413
Botany,Leichhardt,140
Leichhardt,Leichhardt,6013
South_Sydney,Leichhardt,802
Sydney_Inner,Leichhardt,20
Sydney_Remainder,Leichhardt,67
Randwick,Leichhardt,643
Waverley,Leichhardt,494
Woollahra,Leichhardt,400
Hurstville,Leichhardt,277
Kogarah,Leichhardt,190
Rockdale,Leichhardt,405
Sutherland,Leichhardt,593
Bankstown,Leichhardt,564
Canterbury,Leichhardt,1000
Fairfield,Leichhardt,388
Liverpool,Leichhardt,195
Camden,Leichhardt,20
Campbell_town,Leichhardt,210
Wollon_dilly,Leichhardt,21
Ashfield,Leichhardt,891
Burwood,Leichhardt,393
Concord,Leichhardt,399
Drum_moyne,Leichhardt,1096
Strathfield,Leichhardt,207
Auburn,Leichhardt,167
Holroyd,Leichhardt,194
Parramatta,Leichhardt,453
Blue_Mountains,Leichhardt,78
Hawkes_bury,Leichhardt,59
Penrith,Leichhardt,234
Baulkham_Hills,Leichhardt,388
Blacktown,Leichhardt,491
Hunters_Hill,Leichhardt,189
Lane_Cove,Leichhardt,213
Mosman,Leichhardt,121
North_Sydney,Leichhardt,324
Ryde,Leichhardt,850
Willoughby,Leichhardt,245
Hornsby,Leichhardt,418
Ku_ring_gai,Leichhardt,349
Manly,Leichhardt,153
Warringah,Leichhardt,553
Gosford,Leichhardt,141
Wyong,Leichhardt,78
Cessnock,Leichhardt,3
Lake_Macquarie,Leichhardt,32
Maitland,Leichhardt,3
Newcastle_Inner,Leichhardt,0
Newcastle_Remainder,Leichhardt,9
Port_Stephens,Leichhardt,4
Kiama,Leichhardt,6
Shell_harbour,Leichhardt,6
Shoal_haven,Leichhardt,0
Wingecar_ribee,Leichhardt,21
Wollong_ong,Leichhardt,73
Botany,Marrickville,268
Leichhardt,Marrickville,1002
Marrickville,Marrickville,5911
Sydney_Inner,Marrickville,16
Sydney_Remainder,Marrickville,28
Randwick,Marrickville,810
Waverley,Marrickville,468
Woollahra,Marrickville,344
Hurstville,Marrickville,738
Kogarah,Marrickville,604
Rockdale,Marrickville,1381
Sutherland,Marrickville,1377
Bankstown,Marrickville,1202
Canterbury,Marrickville,3082
Fairfield,Marrickville,577
Liverpool,Marrickville,316
Camden,Marrickville,34
Campbell_town,Marrickville,378
Wollon_dilly,Marrickville,27
Ashfield,Marrickville,840
Burwood,Marrickville,371
Concord,Marrickville,225
Drum_moyne,Marrickville,407
Strathfield,Marrickville,252
Auburn,Marrickville,281
Holroyd,Marrickville,220
Parramatta,Marrickville,450
Blue_Mountains,Marrickville,100
Hawkes_bury,Marrickville,35
Penrith,Marrickville,252
Baulkham_Hills,Marrickville,245
Blacktown,Marrickville,560
Hunters_Hill,Marrickville,63
Lane_Cove,Marrickville,125
Mosman,Marrickville,94
North_Sydney,Marrickville,186
Ryde,Marrickville,382
Willoughby,Marrickville,177
Hornsby,Marrickville,258
Ku_ring_gai,Marrickville,226
Manly,Marrickville,121
Warringah,Marrickville,306
Gosford,Marrickville,129
Wyong,Marrickville,54
Cessnock,Marrickville,0
Lake_Macquarie,Marrickville,20
Maitland,Marrickville,3
Newcastle_Inner,Marrickville,0
Newcastle_Remainder,Marrickville,3
Port_Stephens,Marrickville,0
Kiama,Marrickville,0
Shell_harbour,Marrickville,12
Shoal_haven,Marrickville,3
Wingecar_ribee,Marrickville,3
Wollong_ong,Marrickville,118
Botany,South Sydney,2816
Leichhardt,South Sydney,3537
Marrickville,South Sydney,5131
South_Sydney,South Sydney,9296
Sydney_Remainder,South Sydney,297
Randwick,South Sydney,7121
Waverley,South Sydney,3836
Woollahra,South Sydney,3510
Hurstville,South Sydney,2044
Kogarah,South Sydney,1647
Rockdale,South Sydney,3854
Sutherland,South Sydney,5448
Bankstown,South Sydney,2805
Canterbury,South Sydney,4508
Fairfield,South Sydney,1701
Liverpool,South Sydney,1030
Camden,South Sydney,134
Campbell_town,South Sydney,1576
Wollon_dilly,South Sydney,120
Ashfield,South Sydney,1758
Burwood,South Sydney,810
Concord,South Sydney,543
Drum_moyne,South Sydney,1106
Strathfield,South Sydney,557
Auburn,South Sydney,760
Holroyd,South Sydney,919
Parramatta,South Sydney,1779
Blue_Mountains,South Sydney,574
Hawkes_bury,South Sydney,262
Penrith,South Sydney,1307
Baulkham_Hills,South Sydney,1154
Blacktown,South Sydney,2279
Hunters_Hill,South Sydney,252
Lane_Cove,South Sydney,732
Mosman,South Sydney,749
North_Sydney,South Sydney,1710
Ryde,South Sydney,1664
Willoughby,South Sydney,1195
Hornsby,South Sydney,1623
Ku_ring_gai,South Sydney,1697
Manly,South Sydney,737
Warringah,South Sydney,2344
Gosford,South Sydney,973
Wyong,South Sydney,285
Cessnock,South Sydney,17
Lake_Macquarie,South Sydney,98
Maitland,South Sydney,12
Newcastle_Inner,South Sydney,3
Newcastle_Remainder,South Sydney,87
Port_Stephens,South Sydney,77
Kiama,South Sydney,26
Shell_harbour,South Sydney,99
Shoal_haven,South Sydney,38
Wingecar_ribee,South Sydney,41
Wollong_ong,South Sydney,675
Botany,Sydney (Inner),1028
Leichhardt,Sydney (Inner),4610
Marrickville,Sydney (Inner),4076
South_Sydney,Sydney (Inner),5734
Sydney_Inner,Sydney (Inner),398
Randwick,Sydney (Inner),6827
Waverley,Sydney (Inner),4506
Woollahra,Sydney (Inner),5092
Hurstville,Sydney (Inner),3168
Kogarah,Sydney (Inner),2380
Rockdale,Sydney (Inner),3611
Sutherland,Sydney (Inner),7977
Bankstown,Sydney (Inner),4492
Canterbury,Sydney (Inner),4760
Fairfield,Sydney (Inner),2747
Liverpool,Sydney (Inner),1699
Camden,Sydney (Inner),303
Campbell_town,Sydney (Inner),3473
Wollon_dilly,Sydney (Inner),283
Ashfield,Sydney (Inner),2274
Burwood,Sydney (Inner),1336
Concord,Sydney (Inner),912
Drum_moyne,Sydney (Inner),1887
Strathfield,Sydney (Inner),1139
Auburn,Sydney (Inner),1108
Holroyd,Sydney (Inner),1842
Parramatta,Sydney (Inner),3797
Blue_Mountains,Sydney (Inner),1479
Hawkes_bury,Sydney (Inner),425
Penrith,Sydney (Inner),3333
Baulkham_Hills,Sydney (Inner),3279
Blacktown,Sydney (Inner),4645
Hunters_Hill,Sydney (Inner),626
Lane_Cove,Sydney (Inner),2039
Mosman,Sydney (Inner),2649
North_Sydney,Sydney (Inner),6278
Ryde,Sydney (Inner),4104
Willoughby,Sydney (Inner),3752
Hornsby,Sydney (Inner),5386
Ku_ring_gai,Sydney (Inner),6353
Manly,Sydney (Inner),2399
Warringah,Sydney (Inner),6652
Gosford,Sydney (Inner),2227
Wyong,Sydney (Inner),655
Cessnock,Sydney (Inner),33
Lake_Macquarie,Sydney (Inner),362
Maitland,Sydney (Inner),54
Newcastle_Inner,Sydney (Inner),12
Newcastle_Remainder,Sydney (Inner),218
Port_Stephens,Sydney (Inner),31
Kiama,Sydney (Inner),93
Shell_harbour,Sydney (Inner),133
Shoal_haven,Sydney (Inner),34
Wingecar_ribee,Sydney (Inner),132
Wollong_ong,Sydney (Inner),1425
Botany,Sydney (Remainder),475
Leichhardt,Sydney (Remainder),1969
Marrickville,Sydney (Remainder),1919
South_Sydney,Sydney (Remainder),2133
Sydney_Inner,Sydney (Remainder),66
Sydney_Remainder,Sydney (Remainder),519
Randwick,Sydney (Remainder),2436
Waverley,Sydney (Remainder),1450
Woollahra,Sydney (Remainder),1088
Hurstville,Sydney (Remainder),1051
Kogarah,Sydney (Remainder),797
Rockdale,Sydney (Remainder),1491
Sutherland,Sydney (Remainder),2595
Bankstown,Sydney (Remainder),1575
Canterbury,Sydney (Remainder),1913
Fairfield,Sydney (Remainder),955
Liverpool,Sydney (Remainder),624
Camden,Sydney (Remainder),89
Campbell_town,Sydney (Remainder),1143
Wollon_dilly,Sydney (Remainder),85
Ashfield,Sydney (Remainder),912
Burwood,Sydney (Remainder),486
Concord,Sydney (Remainder),384
Drum_moyne,Sydney (Remainder),676
Strathfield,Sydney (Remainder),368
Auburn,Sydney (Remainder),451
Holroyd,Sydney (Remainder),629
Parramatta,Sydney (Remainder),1334
Blue_Mountains,Sydney (Remainder),544
Hawkes_bury,Sydney (Remainder),149
Penrith,Sydney (Remainder),1112
Baulkham_Hills,Sydney (Remainder),925
Blacktown,Sydney (Remainder),1684
Hunters_Hill,Sydney (Remainder),159
Lane_Cove,Sydney (Remainder),503
Mosman,Sydney (Remainder),472
North_Sydney,Sydney (Remainder),1224
Ryde,Sydney (Remainder),1355
Willoughby,Sydney (Remainder),838
Hornsby,Sydney (Remainder),1523
Ku_ring_gai,Sydney (Remainder),1286
Manly,Sydney (Remainder),518
Warringah,Sydney (Remainder),1761
Gosford,Sydney (Remainder),851
Wyong,Sydney (Remainder),259
Cessnock,Sydney (Remainder),18
Lake_Macquarie,Sydney (Remainder),92
Maitland,Sydney (Remainder),10
Newcastle_Inner,Sydney (Remainder),6
Newcastle_Remainder,Sydney (Remainder),58
Port_Stephens,Sydney (Remainder),13
Kiama,Sydney (Remainder),16
Shell_harbour,Sydney (Remainder),71
Shoal_haven,Sydney (Remainder),12
Wingecar_ribee,Sydney (Remainder),36
Wollong_ong,Sydney (Remainder),514
Botany,Randwick,2036
Leichhardt,Randwick,463
Marrickville,Randwick,643
South_Sydney,Randwick,1113
Sydney_Inner,Randwick,6
Sydney_Remainder,Randwick,13
Randwick,Randwick,13852
Woollahra,Randwick,871
Hurstville,Randwick,427
Kogarah,Randwick,414
Rockdale,Randwick,989
Sutherland,Randwick,1316
Bankstown,Randwick,401
Canterbury,Randwick,644
Fairfield,Randwick,219
Liverpool,Randwick,139
Camden,Randwick,8
Campbell_town,Randwick,222
Wollon_dilly,Randwick,11
Ashfield,Randwick,191
Burwood,Randwick,101
Concord,Randwick,54
Drum_moyne,Randwick,155
Strathfield,Randwick,72
Auburn,Randwick,65
Holroyd,Randwick,80
Parramatta,Randwick,182
Blue_Mountains,Randwick,73
Hawkes_bury,Randwick,35
Penrith,Randwick,112
Baulkham_Hills,Randwick,90
Blacktown,Randwick,218
Hunters_Hill,Randwick,31
Lane_Cove,Randwick,98
Mosman,Randwick,100
North_Sydney,Randwick,224
Ryde,Randwick,213
Willoughby,Randwick,186
Hornsby,Randwick,167
Ku_ring_gai,Randwick,236
Manly,Randwick,89
Warringah,Randwick,300
Gosford,Randwick,85
Wyong,Randwick,50
Cessnock,Randwick,6
Lake_Macquarie,Randwick,19
Maitland,Randwick,6
Newcastle_Inner,Randwick,0
Newcastle_Remainder,Randwick,6
Port_Stephens,Randwick,0
Kiama,Randwick,8
Shell_harbour,Randwick,19
Shoal_haven,Randwick,6
Wingecar_ribee,Randwick,9
Wollong_ong,Randwick,131
Botany,Waverley,253
Leichhardt,Waverley,226
Marrickville,Waverley,299
South_Sydney,Waverley,615
Sydney_Inner,Waverley,4
Sydney_Remainder,Waverley,18
Randwick,Waverley,2387
Waverley,Waverley,5552
Hurstville,Waverley,176
Kogarah,Waverley,133
Rockdale,Waverley,310
Sutherland,Waverley,356
Bankstown,Waverley,123
Canterbury,Waverley,206
Fairfield,Waverley,84
Liverpool,Waverley,32
Camden,Waverley,6
Campbell_town,Waverley,62
Wollon_dilly,Waverley,6
Ashfield,Waverley,110
Burwood,Waverley,46
Concord,Waverley,27
Drum_moyne,Waverley,55
Strathfield,Waverley,28
Auburn,Waverley,38
Holroyd,Waverley,40
Parramatta,Waverley,76
Blue_Mountains,Waverley,16
Hawkes_bury,Waverley,3
Penrith,Waverley,38
Baulkham_Hills,Waverley,45
Blacktown,Waverley,103
Hunters_Hill,Waverley,13
Lane_Cove,Waverley,61
Mosman,Waverley,43
North_Sydney,Waverley,115
Ryde,Waverley,101
Willoughby,Waverley,102
Hornsby,Waverley,80
Ku_ring_gai,Waverley,116
Manly,Waverley,45
Warringah,Waverley,124
Gosford,Waverley,40
Wyong,Waverley,15
Cessnock,Waverley,0
Lake_Macquarie,Waverley,6
Maitland,Waverley,3
Newcastle_Inner,Waverley,0
Newcastle_Remainder,Waverley,9
Port_Stephens,Waverley,3
Kiama,Waverley,3
Shell_harbour,Waverley,6
Shoal_haven,Waverley,0
Wingecar_ribee,Waverley,0
Wollong_ong,Waverley,52
Botany,Woollahra,251
Leichhardt,Woollahra,399
Marrickville,Woollahra,518
South_Sydney,Woollahra,1451
Sydney_Inner,Woollahra,21
Sydney_Remainder,Woollahra,45
Randwick,Woollahra,1786
Waverley,Woollahra,2594
Woollahra,Woollahra,5085
Hurstville,Woollahra,191
Kogarah,Woollahra,185
Rockdale,Woollahra,427
Sutherland,Woollahra,464
Bankstown,Woollahra,235
Canterbury,Woollahra,350
Fairfield,Woollahra,128
Liverpool,Woollahra,94
Camden,Woollahra,12
Campbell_town,Woollahra,108
Wollon_dilly,Woollahra,9
Ashfield,Woollahra,176
Burwood,Woollahra,91
Concord,Woollahra,58
Drum_moyne,Woollahra,153
Strathfield,Woollahra,62
Auburn,Woollahra,73
Holroyd,Woollahra,72
Parramatta,Woollahra,186
Blue_Mountains,Woollahra,53
Hawkes_bury,Woollahra,35
Penrith,Woollahra,120
Baulkham_Hills,Woollahra,103
Blacktown,Woollahra,196
Hunters_Hill,Woollahra,42
Lane_Cove,Woollahra,121
Mosman,Woollahra,118
North_Sydney,Woollahra,305
Ryde,Woollahra,216
Willoughby,Woollahra,218
Hornsby,Woollahra,209
Ku_ring_gai,Woollahra,235
Manly,Woollahra,138
Warringah,Woollahra,323
Gosford,Woollahra,109
Wyong,Woollahra,43
Cessnock,Woollahra,6
Lake_Macquarie,Woollahra,15
Maitland,Woollahra,0
Newcastle_Inner,Woollahra,0
Newcastle_Remainder,Woollahra,12
Port_Stephens,Woollahra,3
Kiama,Woollahra,9
Shell_harbour,Woollahra,3
Shoal_haven,Woollahra,3
Wingecar_ribee,Woollahra,13
Wollong_ong,Woollahra,45
Botany,Hurstville,72
Leichhardt,Hurstville,123
Marrickville,Hurstville,286
South_Sydney,Hurstville,142
Sydney_Inner,Hurstville,0
Sydney_Remainder,Hurstville,15
Randwick,Hurstville,233
Waverley,Hurstville,111
Woollahra,Hurstville,72
Hurstville,Hurstville,5484
Rockdale,Hurstville,1555
Sutherland,Hurstville,3515
Bankstown,Hurstville,1343
Canterbury,Hurstville,1380
Fairfield,Hurstville,220
Liverpool,Hurstville,289
Camden,Hurstville,42
Campbell_town,Hurstville,439
Wollon_dilly,Hurstville,26
Ashfield,Hurstville,99
Burwood,Hurstville,92
Concord,Hurstville,60
Drum_moyne,Hurstville,55
Strathfield,Hurstville,96
Auburn,Hurstville,55
Holroyd,Hurstville,91
Parramatta,Hurstville,128
Blue_Mountains,Hurstville,23
Hawkes_bury,Hurstville,22
Penrith,Hurstville,88
Baulkham_Hills,Hurstville,85
Blacktown,Hurstville,133
Hunters_Hill,Hurstville,9
Lane_Cove,Hurstville,21
Mosman,Hurstville,13
North_Sydney,Hurstville,38
Ryde,Hurstville,93
Willoughby,Hurstville,34
Hornsby,Hurstville,86
Ku_ring_gai,Hurstville,51
Manly,Hurstville,11
Warringah,Hurstville,84
Gosford,Hurstville,22
Wyong,Hurstville,20
Cessnock,Hurstville,0
Lake_Macquarie,Hurstville,14
Maitland,Hurstville,0
Newcastle_Inner,Hurstville,0
Newcastle_Remainder,Hurstville,6
Port_Stephens,Hurstville,0
Kiama,Hurstville,11
Shell_harbour,Hurstville,40
Shoal_haven,Hurstville,9
Wingecar_ribee,Hurstville,6
Wollong_ong,Hurstville,322
Botany,Kogarah,40
Leichhardt,Kogarah,64
Marrickville,Kogarah,146
South_Sydney,Kogarah,77
Sydney_Inner,Kogarah,0
Sydney_Remainder,Kogarah,0
Randwick,Kogarah,160
Waverley,Kogarah,83
Woollahra,Kogarah,57
Hurstville,Kogarah,1287
Kogarah,Kogarah,3084
Sutherland,Kogarah,2732
Bankstown,Kogarah,415
Canterbury,Kogarah,386
Fairfield,Kogarah,75
Liverpool,Kogarah,78
Camden,Kogarah,20
Campbell_town,Kogarah,143
Wollon_dilly,Kogarah,18
Ashfield,Kogarah,54
Burwood,Kogarah,30
Concord,Kogarah,21
Drum_moyne,Kogarah,18
Strathfield,Kogarah,29
Auburn,Kogarah,25
Holroyd,Kogarah,20
Parramatta,Kogarah,53
Blue_Mountains,Kogarah,13
Hawkes_bury,Kogarah,12
Penrith,Kogarah,41
Baulkham_Hills,Kogarah,38
Blacktown,Kogarah,38
Hunters_Hill,Kogarah,7
Lane_Cove,Kogarah,21
Mosman,Kogarah,11
North_Sydney,Kogarah,18
Ryde,Kogarah,39
Willoughby,Kogarah,20
Hornsby,Kogarah,31
Ku_ring_gai,Kogarah,31
Manly,Kogarah,6
Warringah,Kogarah,33
Gosford,Kogarah,12
Wyong,Kogarah,6
Cessnock,Kogarah,0
Lake_Macquarie,Kogarah,0
Maitland,Kogarah,0
Newcastle_Inner,Kogarah,0
Newcastle_Remainder,Kogarah,0
Port_Stephens,Kogarah,0
Kiama,Kogarah,3
Shell_harbour,Kogarah,15
Shoal_haven,Kogarah,6
Wingecar_ribee,Kogarah,6
Wollong_ong,Kogarah,172
Botany,Rockdale,184
Leichhardt,Rockdale,144
Marrickville,Rockdale,496
South_Sydney,Rockdale,214
Sydney_Inner,Rockdale,3
Sydney_Remainder,Rockdale,10
Randwick,Rockdale,447
Waverley,Rockdale,174
Woollahra,Rockdale,114
Hurstville,Rockdale,1606
Kogarah,Rockdale,1590
Rockdale,Rockdale,6000
Bankstown,Rockdale,750
Canterbury,Rockdale,1287
Fairfield,Rockdale,223
Liverpool,Rockdale,177
Camden,Rockdale,28
Campbell_town,Rockdale,308
Wollon_dilly,Rockdale,22
Ashfield,Rockdale,137
Burwood,Rockdale,106
Concord,Rockdale,45
Drum_moyne,Rockdale,72
Strathfield,Rockdale,94
Auburn,Rockdale,85
Holroyd,Rockdale,80
Parramatta,Rockdale,126
Blue_Mountains,Rockdale,18
Hawkes_bury,Rockdale,16
Penrith,Rockdale,80
Baulkham_Hills,Rockdale,87
Blacktown,Rockdale,151
Hunters_Hill,Rockdale,17
Lane_Cove,Rockdale,22
Mosman,Rockdale,22
North_Sydney,Rockdale,85
Ryde,Rockdale,80
Willoughby,Rockdale,51
Hornsby,Rockdale,61
Ku_ring_gai,Rockdale,63
Manly,Rockdale,34
Warringah,Rockdale,105
Gosford,Rockdale,33
Wyong,Rockdale,15
Cessnock,Rockdale,0
Lake_Macquarie,Rockdale,10
Maitland,Rockdale,6
Newcastle_Inner,Rockdale,3
Newcastle_Remainder,Rockdale,9
Port_Stephens,Rockdale,0
Kiama,Rockdale,6
Shell_harbour,Rockdale,27
Shoal_haven,Rockdale,3
Wingecar_ribee,Rockdale,0
Wollong_ong,Rockdale,247
Botany,Sutherland,86
Leichhardt,Sutherland,79
Marrickville,Sutherland,230
South_Sydney,Sutherland,134
Sydney_Inner,Sutherland,0
Sydney_Remainder,Sutherland,6
Randwick,Sutherland,284
Waverley,Sutherland,128
Woollahra,Sutherland,91
Hurstville,Sutherland,1197
Kogarah,Sutherland,1086
Rockdale,Sutherland,1253
Sutherland,Sutherland,32013
Bankstown,Sutherland,721
Canterbury,Sutherland,553
Fairfield,Sutherland,257
Liverpool,Sutherland,276
Camden,Sutherland,54
Campbell_town,Sutherland,367
Wollon_dilly,Sutherland,76
Ashfield,Sutherland,67
Burwood,Sutherland,68
Concord,Sutherland,22
Drum_moyne,Sutherland,36
Strathfield,Sutherland,69
Auburn,Sutherland,67
Holroyd,Sutherland,79
Parramatta,Sutherland,128
Blue_Mountains,Sutherland,31
Hawkes_bury,Sutherland,13
Penrith,Sutherland,81
Baulkham_Hills,Sutherland,78
Blacktown,Sutherland,134
Hunters_Hill,Sutherland,4
Lane_Cove,Sutherland,34
Mosman,Sutherland,13
North_Sydney,Sutherland,55
Ryde,Sutherland,73
Willoughby,Sutherland,40
Hornsby,Sutherland,50
Ku_ring_gai,Sutherland,28
Manly,Sutherland,18
Warringah,Sutherland,72
Gosford,Sutherland,46
Wyong,Sutherland,28
Cessnock,Sutherland,3
Lake_Macquarie,Sutherland,24
Maitland,Sutherland,0
Newcastle_Inner,Sutherland,0
Newcastle_Remainder,Sutherland,9
Port_Stephens,Sutherland,3
Kiama,Sutherland,34
Shell_harbour,Sutherland,150
Shoal_haven,Sutherland,6
Wingecar_ribee,Sutherland,27
Wollong_ong,Sutherland,1816
Botany,Bankstown,136
Leichhardt,Bankstown,332
Marrickville,Bankstown,698
South_Sydney,Bankstown,222
Sydney_Inner,Bankstown,0
Sydney_Remainder,Bankstown,12
Randwick,Bankstown,352
Waverley,Bankstown,191
Woollahra,Bankstown,130
Hurstville,Bankstown,1634
Kogarah,Bankstown,714
Rockdale,Bankstown,879
Sutherland,Bankstown,3336
Bankstown,Bankstown,20154
Fairfield,Bankstown,4930
Liverpool,Bankstown,3745
Camden,Bankstown,437
Campbell_town,Bankstown,4187
Wollon_dilly,Bankstown,361
Ashfield,Bankstown,429
Burwood,Bankstown,450
Concord,Bankstown,296
Drum_moyne,Bankstown,283
Strathfield,Bankstown,628
Auburn,Bankstown,1188
Holroyd,Bankstown,1280
Parramatta,Bankstown,1620
Blue_Mountains,Bankstown,299
Hawkes_bury,Bankstown,193
Penrith,Bankstown,1341
Baulkham_Hills,Bankstown,1030
Blacktown,Bankstown,1851
Hunters_Hill,Bankstown,58
Lane_Cove,Bankstown,97
Mosman,Bankstown,45
North_Sydney,Bankstown,84
Ryde,Bankstown,523
Willoughby,Bankstown,119
Hornsby,Bankstown,537
Ku_ring_gai,Bankstown,281
Manly,Bankstown,61
Warringah,Bankstown,294
Gosford,Bankstown,245
Wyong,Bankstown,142
Cessnock,Bankstown,6
Lake_Macquarie,Bankstown,55
Maitland,Bankstown,12
Newcastle_Inner,Bankstown,0
Newcastle_Remainder,Bankstown,24
Port_Stephens,Bankstown,17
Kiama,Bankstown,18
Shell_harbour,Bankstown,50
Shoal_haven,Bankstown,6
Wingecar_ribee,Bankstown,89
Wollong_ong,Bankstown,349
Botany,Canterbury,92
Leichhardt,Canterbury,242
Marrickville,Canterbury,814
South_Sydney,Canterbury,148
Sydney_Inner,Canterbury,0
Sydney_Remainder,Canterbury,10
Randwick,Canterbury,267
Waverley,Canterbury,85
Woollahra,Canterbury,93
Hurstville,Canterbury,1723
Kogarah,Canterbury,580
Rockdale,Canterbury,1103
Sutherland,Canterbury,1602
Bankstown,Canterbury,3096
Canterbury,Canterbury,8568
Fairfield,Canterbury,791
Liverpool,Canterbury,627
Camden,Canterbury,59
Campbell_town,Canterbury,682
Wollon_dilly,Canterbury,47
Ashfield,Canterbury,422
Burwood,Canterbury,422
Concord,Canterbury,142
Drum_moyne,Canterbury,186
Strathfield,Canterbury,345
Auburn,Canterbury,267
Holroyd,Canterbury,241
Parramatta,Canterbury,337
Blue_Mountains,Canterbury,56
Hawkes_bury,Canterbury,26
Penrith,Canterbury,206
Baulkham_Hills,Canterbury,205
Blacktown,Canterbury,347
Hunters_Hill,Canterbury,35
Lane_Cove,Canterbury,41
Mosman,Canterbury,19
North_Sydney,Canterbury,60
Ryde,Canterbury,208
Willoughby,Canterbury,54
Hornsby,Canterbury,171
Ku_ring_gai,Canterbury,107
Manly,Canterbury,31
Warringah,Canterbury,130
Gosford,Canterbury,65
Wyong,Canterbury,34
Cessnock,Canterbury,7
Lake_Macquarie,Canterbury,20
Maitland,Canterbury,0
Newcastle_Inner,Canterbury,0
Newcastle_Remainder,Canterbury,10
Port_Stephens,Canterbury,10
Kiama,Canterbury,0
Shell_harbour,Canterbury,14
Shoal_haven,Canterbury,3
Wingecar_ribee,Canterbury,13
Wollong_ong,Canterbury,97
Botany,Fairfield,32
Leichhardt,Fairfield,127
Marrickville,Fairfield,186
South_Sydney,Fairfield,95
Sydney_Inner,Fairfield,3
Sydney_Remainder,Fairfield,10
Randwick,Fairfield,120
Waverley,Fairfield,73
Woollahra,Fairfield,61
Hurstville,Fairfield,271
Kogarah,Fairfield,108
Rockdale,Fairfield,151
Sutherland,Fairfield,524
Bankstown,Fairfield,1651
Canterbury,Fairfield,467
Fairfield,Fairfield,17397
Camden,Fairfield,351
Campbell_town,Fairfield,2233
Wollon_dilly,Fairfield,348
Ashfield,Fairfield,198
Burwood,Fairfield,143
Concord,Fairfield,110
Drum_moyne,Fairfield,141
Strathfield,Fairfield,256
Auburn,Fairfield,486
Holroyd,Fairfield,2045
Parramatta,Fairfield,1531
Blue_Mountains,Fairfield,360
Hawkes_bury,Fairfield,294
Penrith,Fairfield,2077
Baulkham_Hills,Fairfield,1081
Blacktown,Fairfield,2626
Hunters_Hill,Fairfield,21
Lane_Cove,Fairfield,30
Mosman,Fairfield,18
North_Sydney,Fairfield,38
Ryde,Fairfield,268
Willoughby,Fairfield,68
Hornsby,Fairfield,415
Ku_ring_gai,Fairfield,161
Manly,Fairfield,26
Warringah,Fairfield,167
Gosford,Fairfield,90
Wyong,Fairfield,73
Cessnock,Fairfield,6
Lake_Macquarie,Fairfield,23
Maitland,Fairfield,0
Newcastle_Inner,Fairfield,0
Newcastle_Remainder,Fairfield,7
Port_Stephens,Fairfield,0
Kiama,Fairfield,6
Shell_harbour,Fairfield,10
Shoal_haven,Fairfield,0
Wingecar_ribee,Fairfield,46
Wollong_ong,Fairfield,87
Botany,Liverpool,22
Leichhardt,Liverpool,95
Marrickville,Liverpool,151
South_Sydney,Liverpool,74
Sydney_Inner,Liverpool,0
Sydney_Remainder,Liverpool,9
Randwick,Liverpool,85
Waverley,Liverpool,51
Woollahra,Liverpool,53
Hurstville,Liverpool,325
Kogarah,Liverpool,173
Rockdale,Liverpool,176
Sutherland,Liverpool,1117
Bankstown,Liverpool,1746
Canterbury,Liverpool,450
Fairfield,Liverpool,4575
Liverpool,Liverpool,13327
Camden,Liverpool,1014
Campbell_town,Liverpool,6052
Wollon_dilly,Liverpool,780
Ashfield,Liverpool,113
Burwood,Liverpool,101
Concord,Liverpool,85
Drum_moyne,Liverpool,69
Strathfield,Liverpool,164
Auburn,Liverpool,237
Holroyd,Liverpool,544
Parramatta,Liverpool,579
Blue_Mountains,Liverpool,217
Hawkes_bury,Liverpool,109
Penrith,Liverpool,1188
Baulkham_Hills,Liverpool,412
Blacktown,Liverpool,945
Hunters_Hill,Liverpool,15
Lane_Cove,Liverpool,15
Mosman,Liverpool,11
North_Sydney,Liverpool,41
Ryde,Liverpool,119
Willoughby,Liverpool,39
Hornsby,Liverpool,166
Ku_ring_gai,Liverpool,71
Manly,Liverpool,12
Warringah,Liverpool,68
Gosford,Liverpool,51
Wyong,Liverpool,30
Cessnock,Liverpool,3
Lake_Macquarie,Liverpool,23
Maitland,Liverpool,6
Newcastle_Inner,Liverpool,0
Newcastle_Remainder,Liverpool,12
Port_Stephens,Liverpool,6
Kiama,Liverpool,10
Shell_harbour,Liverpool,27
Shoal_haven,Liverpool,3
Wingecar_ribee,Liverpool,155
Wollong_ong,Liverpool,164
Botany,Camden,0
Leichhardt,Camden,0
Marrickville,Camden,6
South_Sydney,Camden,6
Sydney_Inner,Camden,0
Sydney_Remainder,Camden,0
Randwick,Camden,6
Waverley,Camden,3
Woollahra,Camden,0
Hurstville,Camden,9
Kogarah,Camden,3
Rockdale,Camden,0
Sutherland,Camden,24
Bankstown,Camden,55
Canterbury,Camden,10
Fairfield,Camden,89
Liverpool,Camden,240
Camden,Camden,3305
Wollon_dilly,Camden,1458
Ashfield,Camden,6
Burwood,Camden,3
Concord,Camden,0
Drum_moyne,Camden,3
Strathfield,Camden,4
Auburn,Camden,0
Holroyd,Camden,23
Parramatta,Camden,16
Blue_Mountains,Camden,40
Hawkes_bury,Camden,25
Penrith,Camden,74
Baulkham_Hills,Camden,14
Blacktown,Camden,37
Hunters_Hill,Camden,3
Lane_Cove,Camden,0
Mosman,Camden,0
North_Sydney,Camden,0
Ryde,Camden,6
Willoughby,Camden,0
Hornsby,Camden,4
Ku_ring_gai,Camden,9
Manly,Camden,0
Warringah,Camden,3
Gosford,Camden,9
Wyong,Camden,0
Cessnock,Camden,0
Lake_Macquarie,Camden,0
Maitland,Camden,0
Newcastle_Inner,Camden,0
Newcastle_Remainder,Camden,6
Port_Stephens,Camden,0
Kiama,Camden,3
Shell_harbour,Camden,8
Shoal_haven,Camden,3
Wingecar_ribee,Camden,81
Wollong_ong,Camden,56
Botany,Campbelltown,10
Leichhardt,Campbelltown,30
Marrickville,Campbelltown,55
South_Sydney,Campbelltown,25
Sydney_Inner,Campbelltown,3
Sydney_Remainder,Campbelltown,3
Randwick,Campbelltown,30
Waverley,Campbelltown,10
Woollahra,Campbelltown,12
Hurstville,Campbelltown,95
Kogarah,Campbelltown,49
Rockdale,Campbelltown,66
Sutherland,Campbelltown,341
Bankstown,Campbelltown,428
Canterbury,Campbelltown,154
Fairfield,Campbelltown,744
Liverpool,Campbelltown,1388
Camden,Campbelltown,1575
Campbell_town,Campbelltown,16563
Ashfield,Campbelltown,45
Burwood,Campbelltown,43
Concord,Campbelltown,27
Drum_moyne,Campbelltown,15
Strathfield,Campbelltown,51
Auburn,Campbelltown,61
Holroyd,Campbelltown,130
Parramatta,Campbelltown,126
Blue_Mountains,Campbelltown,61
Hawkes_bury,Campbelltown,27
Penrith,Campbelltown,258
Baulkham_Hills,Campbelltown,101
Blacktown,Campbelltown,203
Hunters_Hill,Campbelltown,3
Lane_Cove,Campbelltown,11
Mosman,Campbelltown,6
North_Sydney,Campbelltown,13
Ryde,Campbelltown,31
Willoughby,Campbelltown,9
Hornsby,Campbelltown,42
Ku_ring_gai,Campbelltown,21
Manly,Campbelltown,3
Warringah,Campbelltown,13
Gosford,Campbelltown,13
Wyong,Campbelltown,12
Cessnock,Campbelltown,6
Lake_Macquarie,Campbelltown,6
Maitland,Campbelltown,0
Newcastle_Inner,Campbelltown,0
Newcastle_Remainder,Campbelltown,6
Port_Stephens,Campbelltown,6
Kiama,Campbelltown,13
Shell_harbour,Campbelltown,61
Shoal_haven,Campbelltown,3
Wingecar_ribee,Campbelltown,223
Wollong_ong,Campbelltown,491
Botany,Wollondilly,0
Leichhardt,Wollondilly,3
Marrickville,Wollondilly,3
South_Sydney,Wollondilly,0
Sydney_Inner,Wollondilly,0
Sydney_Remainder,Wollondilly,0
Randwick,Wollondilly,0
Waverley,Wollondilly,3
Woollahra,Wollondilly,0
Hurstville,Wollondilly,0
Kogarah,Wollondilly,3
Rockdale,Wollondilly,3
Sutherland,Wollondilly,16
Bankstown,Wollondilly,14
Canterbury,Wollondilly,3
Fairfield,Wollondilly,45
Liverpool,Wollondilly,76
Camden,Wollondilly,392
Campbell_town,Wollondilly,405
Wollon_dilly,Wollondilly,3881
Ashfield,Wollondilly,3
Burwood,Wollondilly,0
Concord,Wollondilly,3
Drum_moyne,Wollondilly,3
Strathfield,Wollondilly,0
Auburn,Wollondilly,3
Holroyd,Wollondilly,6
Parramatta,Wollondilly,7
Blue_Mountains,Wollondilly,23
Hawkes_bury,Wollondilly,7
Penrith,Wollondilly,137
Baulkham_Hills,Wollondilly,5
Blacktown,Wollondilly,29
Hunters_Hill,Wollondilly,3
Lane_Cove,Wollondilly,0
Mosman,Wollondilly,0
North_Sydney,Wollondilly,3
Ryde,Wollondilly,0
Willoughby,Wollondilly,6
Hornsby,Wollondilly,9
Ku_ring_gai,Wollondilly,4
Manly,Wollondilly,0
Warringah,Wollondilly,0
Gosford,Wollondilly,3
Wyong,Wollondilly,6
Cessnock,Wollondilly,0
Lake_Macquarie,Wollondilly,12
Maitland,Wollondilly,0
Newcastle_Inner,Wollondilly,0
Newcastle_Remainder,Wollondilly,6
Port_Stephens,Wollondilly,0
Kiama,Wollondilly,18
Shell_harbour,Wollondilly,105
Shoal_haven,Wollondilly,17
Wingecar_ribee,Wollondilly,238
Wollong_ong,Wollondilly,915
Botany,Ashfield,32
Leichhardt,Ashfield,331
Marrickville,Ashfield,470
South_Sydney,Ashfield,163
Sydney_Inner,Ashfield,0
Sydney_Remainder,Ashfield,12
Randwick,Ashfield,169
Waverley,Ashfield,120
Woollahra,Ashfield,71
Hurstville,Ashfield,153
Kogarah,Ashfield,104
Rockdale,Ashfield,185
Sutherland,Ashfield,302
Bankstown,Ashfield,478
Canterbury,Ashfield,906
Fairfield,Ashfield,300
Liverpool,Ashfield,177
Camden,Ashfield,25
Campbell_town,Ashfield,218
Wollon_dilly,Ashfield,18
Ashfield,Ashfield,2251
Concord,Ashfield,285
Drum_moyne,Ashfield,424
Strathfield,Ashfield,263
Auburn,Ashfield,187
Holroyd,Ashfield,192
Parramatta,Ashfield,295
Blue_Mountains,Ashfield,49
Hawkes_bury,Ashfield,32
Penrith,Ashfield,192
Baulkham_Hills,Ashfield,202
Blacktown,Ashfield,328
Hunters_Hill,Ashfield,51
Lane_Cove,Ashfield,52
Mosman,Ashfield,19
North_Sydney,Ashfield,63
Ryde,Ashfield,232
Willoughby,Ashfield,56
Hornsby,Ashfield,182
Ku_ring_gai,Ashfield,107
Manly,Ashfield,28
Warringah,Ashfield,123
Gosford,Ashfield,65
Wyong,Ashfield,43
Cessnock,Ashfield,6
Lake_Macquarie,Ashfield,19
Maitland,Ashfield,0
Newcastle_Inner,Ashfield,0
Newcastle_Remainder,Ashfield,17
Port_Stephens,Ashfield,3
Kiama,Ashfield,3
Shell_harbour,Ashfield,3
Shoal_haven,Ashfield,0
Wingecar_ribee,Ashfield,0
Wollong_ong,Ashfield,52
Botany,Burwood,27
Leichhardt,Burwood,213
Marrickville,Burwood,280
South_Sydney,Burwood,94
Sydney_Inner,Burwood,3
Sydney_Remainder,Burwood,6
Randwick,Burwood,142
Waverley,Burwood,97
Woollahra,Burwood,69
Hurstville,Burwood,177
Kogarah,Burwood,111
Rockdale,Burwood,191
Sutherland,Burwood,333
Bankstown,Burwood,681
Canterbury,Burwood,784
Fairfield,Burwood,384
Liverpool,Burwood,241
Camden,Burwood,33
Campbell_town,Burwood,223
Wollon_dilly,Burwood,27
Ashfield,Burwood,503
Burwood,Burwood,1637
Drum_moyne,Burwood,335
Strathfield,Burwood,588
Auburn,Burwood,252
Holroyd,Burwood,287
Parramatta,Burwood,462
Blue_Mountains,Burwood,94
Hawkes_bury,Burwood,37
Penrith,Burwood,314
Baulkham_Hills,Burwood,288
Blacktown,Burwood,587
Hunters_Hill,Burwood,42
Lane_Cove,Burwood,46
Mosman,Burwood,22
North_Sydney,Burwood,61
Ryde,Burwood,278
Willoughby,Burwood,86
Hornsby,Burwood,296
Ku_ring_gai,Burwood,135
Manly,Burwood,29
Warringah,Burwood,136
Gosford,Burwood,133
Wyong,Burwood,39
Cessnock,Burwood,3
Lake_Macquarie,Burwood,12
Maitland,Burwood,0
Newcastle_Inner,Burwood,0
Newcastle_Remainder,Burwood,9
Port_Stephens,Burwood,3
Kiama,Burwood,12
Shell_harbour,Burwood,3
Shoal_haven,Burwood,0
Wingecar_ribee,Burwood,0
Wollong_ong,Burwood,30
Botany,Concord,32
Leichhardt,Concord,202
Marrickville,Concord,231
South_Sydney,Concord,94
Sydney_Inner,Concord,3
Sydney_Remainder,Concord,3
Randwick,Concord,112
Waverley,Concord,68
Woollahra,Concord,47
Hurstville,Concord,138
Kogarah,Concord,83
Rockdale,Concord,143
Sutherland,Concord,267
Bankstown,Concord,513
Canterbury,Concord,491
Fairfield,Concord,520
Liverpool,Concord,183
Camden,Concord,17
Campbell_town,Concord,198
Wollon_dilly,Concord,14
Ashfield,Concord,314
Burwood,Concord,393
Concord,Concord,2051
Strathfield,Concord,356
Auburn,Concord,396
Holroyd,Concord,352
Parramatta,Concord,689
Blue_Mountains,Concord,101
Hawkes_bury,Concord,75
Penrith,Concord,327
Baulkham_Hills,Concord,509
Blacktown,Concord,750
Hunters_Hill,Concord,55
Lane_Cove,Concord,87
Mosman,Concord,25
North_Sydney,Concord,108
Ryde,Concord,851
Willoughby,Concord,117
Hornsby,Concord,503
Ku_ring_gai,Concord,291
Manly,Concord,37
Warringah,Concord,238
Gosford,Concord,148
Wyong,Concord,62
Cessnock,Concord,6
Lake_Macquarie,Concord,16
Maitland,Concord,6
Newcastle_Inner,Concord,0
Newcastle_Remainder,Concord,6
Port_Stephens,Concord,3
Kiama,Concord,3
Shell_harbour,Concord,9
Shoal_haven,Concord,9
Wingecar_ribee,Concord,7
Wollong_ong,Concord,40
Botany,Drummoyne,12
Leichhardt,Drummoyne,334
Marrickville,Drummoyne,202
South_Sydney,Drummoyne,66
Sydney_Inner,Drummoyne,0
Sydney_Remainder,Drummoyne,16
Randwick,Drummoyne,89
Waverley,Drummoyne,54
Woollahra,Drummoyne,34
Hurstville,Drummoyne,66
Kogarah,Drummoyne,38
Rockdale,Drummoyne,78
Sutherland,Drummoyne,114
Bankstown,Drummoyne,214
Canterbury,Drummoyne,315
Fairfield,Drummoyne,153
Liverpool,Drummoyne,83
Camden,Drummoyne,7
Campbell_town,Drummoyne,57
Wollon_dilly,Drummoyne,3
Ashfield,Drummoyne,384
Burwood,Drummoyne,196
Concord,Drummoyne,299
Drum_moyne,Drummoyne,2098
Auburn,Drummoyne,101
Holroyd,Drummoyne,92
Parramatta,Drummoyne,243
Blue_Mountains,Drummoyne,30
Hawkes_bury,Drummoyne,15
Penrith,Drummoyne,92
Baulkham_Hills,Drummoyne,158
Blacktown,Drummoyne,176
Hunters_Hill,Drummoyne,83
Lane_Cove,Drummoyne,75
Mosman,Drummoyne,13
North_Sydney,Drummoyne,44
Ryde,Drummoyne,334
Willoughby,Drummoyne,53
Hornsby,Drummoyne,122
Ku_ring_gai,Drummoyne,92
Manly,Drummoyne,15
Warringah,Drummoyne,114
Gosford,Drummoyne,44
Wyong,Drummoyne,21
Cessnock,Drummoyne,3
Lake_Macquarie,Drummoyne,4
Maitland,Drummoyne,0
Newcastle_Inner,Drummoyne,0
Newcastle_Remainder,Drummoyne,3
Port_Stephens,Drummoyne,0
Kiama,Drummoyne,3
Shell_harbour,Drummoyne,0
Shoal_haven,Drummoyne,0
Wingecar_ribee,Drummoyne,3
Wollong_ong,Drummoyne,9
Botany,Strathfield,32
Leichhardt,Strathfield,204
Marrickville,Strathfield,292
South_Sydney,Strathfield,143
Sydney_Inner,Strathfield,3
Sydney_Remainder,Strathfield,14
Randwick,Strathfield,195
Waverley,Strathfield,99
Woollahra,Strathfield,74
Hurstville,Strathfield,274
Kogarah,Strathfield,141
Rockdale,Strathfield,219
Sutherland,Strathfield,494
Bankstown,Strathfield,1202
Canterbury,Strathfield,934
Fairfield,Strathfield,990
Liverpool,Strathfield,467
Camden,Strathfield,54
Campbell_town,Strathfield,515
Wollon_dilly,Strathfield,56
Ashfield,Strathfield,376
Burwood,Strathfield,478
Concord,Strathfield,392
Drum_moyne,Strathfield,182
Strathfield,Strathfield,1614
Auburn,Strathfield,591
Holroyd,Strathfield,509
Parramatta,Strathfield,804
Blue_Mountains,Strathfield,149
Hawkes_bury,Strathfield,116
Penrith,Strathfield,599
Baulkham_Hills,Strathfield,449
Blacktown,Strathfield,1038
Hunters_Hill,Strathfield,34
Lane_Cove,Strathfield,55
Mosman,Strathfield,27
North_Sydney,Strathfield,67
Ryde,Strathfield,413
Willoughby,Strathfield,90
Hornsby,Strathfield,387
Ku_ring_gai,Strathfield,211
Manly,Strathfield,34
Warringah,Strathfield,249
Gosford,Strathfield,160
Wyong,Strathfield,66
Cessnock,Strathfield,3
Lake_Macquarie,Strathfield,26
Maitland,Strathfield,0
Newcastle_Inner,Strathfield,0
Newcastle_Remainder,Strathfield,9
Port_Stephens,Strathfield,0
Kiama,Strathfield,3
Shell_harbour,Strathfield,18
Shoal_haven,Strathfield,3
Wingecar_ribee,Strathfield,5
Wollong_ong,Strathfield,48
Botany,Auburn,83
Leichhardt,Auburn,301
Marrickville,Auburn,407
South_Sydney,Auburn,178
Sydney_Inner,Auburn,3
Sydney_Remainder,Auburn,15
Randwick,Auburn,270
Waverley,Auburn,141
Woollahra,Auburn,95
Hurstville,Auburn,387
Kogarah,Auburn,200
Rockdale,Auburn,354
Sutherland,Auburn,901
Bankstown,Auburn,2571
Canterbury,Auburn,922
Fairfield,Auburn,2389
Liverpool,Auburn,1059
Camden,Auburn,120
Campbell_town,Auburn,1233
Wollon_dilly,Auburn,142
Ashfield,Auburn,373
Burwood,Auburn,334
Concord,Auburn,286
Drum_moyne,Auburn,289
Strathfield,Auburn,496
Auburn,Auburn,4090
Parramatta,Auburn,3009
Blue_Mountains,Auburn,350
Hawkes_bury,Auburn,357
Penrith,Auburn,1850
Baulkham_Hills,Auburn,1699
Blacktown,Auburn,3308
Hunters_Hill,Auburn,78
Lane_Cove,Auburn,130
Mosman,Auburn,58
North_Sydney,Auburn,156
Ryde,Auburn,887
Willoughby,Auburn,165
Hornsby,Auburn,902
Ku_ring_gai,Auburn,428
Manly,Auburn,80
Warringah,Auburn,478
Gosford,Auburn,286
Wyong,Auburn,120
Cessnock,Auburn,6
Lake_Macquarie,Auburn,64
Maitland,Auburn,6
Newcastle_Inner,Auburn,3
Newcastle_Remainder,Auburn,27
Port_Stephens,Auburn,11
Kiama,Auburn,13
Shell_harbour,Auburn,25
Shoal_haven,Auburn,10
Wingecar_ribee,Auburn,24
Wollong_ong,Auburn,120
Botany,Holroyd,24
Leichhardt,Holroyd,98
Marrickville,Holroyd,110
South_Sydney,Holroyd,46
Sydney_Inner,Holroyd,0
Sydney_Remainder,Holroyd,3
Randwick,Holroyd,80
Waverley,Holroyd,45
Woollahra,Holroyd,46
Hurstville,Holroyd,132
Kogarah,Holroyd,64
Rockdale,Holroyd,109
Sutherland,Holroyd,290
Bankstown,Holroyd,764
Canterbury,Holroyd,213
Fairfield,Holroyd,4036
Liverpool,Holroyd,1017
Camden,Holroyd,150
Campbell_town,Holroyd,896
Wollon_dilly,Holroyd,160
Ashfield,Holroyd,135
Burwood,Holroyd,82
Concord,Holroyd,83
Drum_moyne,Holroyd,103
Strathfield,Holroyd,99
Auburn,Holroyd,378
Holroyd,Holroyd,6498
Blue_Mountains,Holroyd,335
Hawkes_bury,Holroyd,362
Penrith,Holroyd,2235
Baulkham_Hills,Holroyd,1534
Blacktown,Holroyd,3961
Hunters_Hill,Holroyd,26
Lane_Cove,Holroyd,42
Mosman,Holroyd,20
North_Sydney,Holroyd,55
Ryde,Holroyd,318
Willoughby,Holroyd,44
Hornsby,Holroyd,518
Ku_ring_gai,Holroyd,173
Manly,Holroyd,20
Warringah,Holroyd,153
Gosford,Holroyd,98
Wyong,Holroyd,64
Cessnock,Holroyd,3
Lake_Macquarie,Holroyd,25
Maitland,Holroyd,3
Newcastle_Inner,Holroyd,0
Newcastle_Remainder,Holroyd,3
Port_Stephens,Holroyd,4
Kiama,Holroyd,9
Shell_harbour,Holroyd,9
Shoal_haven,Holroyd,6
Wingecar_ribee,Holroyd,36
Wollong_ong,Holroyd,43
Botany,Parramatta,66
Leichhardt,Parramatta,575
Marrickville,Parramatta,534
South_Sydney,Parramatta,297
Sydney_Inner,Parramatta,0
Sydney_Remainder,Parramatta,31
Randwick,Parramatta,402
Waverley,Parramatta,237
Woollahra,Parramatta,184
Hurstville,Parramatta,368
Kogarah,Parramatta,202
Rockdale,Parramatta,332
Sutherland,Parramatta,893
Bankstown,Parramatta,1964
Canterbury,Parramatta,860
Fairfield,Parramatta,3870
Liverpool,Parramatta,1362
Camden,Parramatta,227
Campbell_town,Parramatta,1541
Wollon_dilly,Parramatta,235
Ashfield,Parramatta,478
Burwood,Parramatta,371
Concord,Parramatta,356
Drum_moyne,Parramatta,466
Strathfield,Parramatta,387
Auburn,Parramatta,1349
Holroyd,Parramatta,6445
Parramatta,Parramatta,15040
Blue_Mountains,Parramatta,1514
Hawkes_bury,Parramatta,1232
Penrith,Parramatta,5325
Baulkham_Hills,Parramatta,8064
Blacktown,Parramatta,10162
Hunters_Hill,Parramatta,169
Lane_Cove,Parramatta,320
Mosman,Parramatta,102
North_Sydney,Parramatta,368
Ryde,Parramatta,2138
Willoughby,Parramatta,335
Hornsby,Parramatta,3011
Ku_ring_gai,Parramatta,934
Manly,Parramatta,144
Warringah,Parramatta,830
Gosford,Parramatta,521
Wyong,Parramatta,273
Cessnock,Parramatta,20
Lake_Macquarie,Parramatta,92
Maitland,Parramatta,9
Newcastle_Inner,Parramatta,3
Newcastle_Remainder,Parramatta,48
Port_Stephens,Parramatta,19
Kiama,Parramatta,12
Shell_harbour,Parramatta,22
Shoal_haven,Parramatta,5
Wingecar_ribee,Parramatta,45
Wollong_ong,Parramatta,142
Botany,Blue Mountains,0
Leichhardt,Blue Mountains,9
Marrickville,Blue Mountains,9
South_Sydney,Blue Mountains,6
Sydney_Inner,Blue Mountains,0
Sydney_Remainder,Blue Mountains,0
Randwick,Blue Mountains,3
Waverley,Blue Mountains,0
Woollahra,Blue Mountains,0
Hurstville,Blue Mountains,3
Kogarah,Blue Mountains,0
Rockdale,Blue Mountains,0
Sutherland,Blue Mountains,3
Bankstown,Blue Mountains,7
Canterbury,Blue Mountains,6
Fairfield,Blue Mountains,30
Liverpool,Blue Mountains,32
Camden,Blue Mountains,4
Campbell_town,Blue Mountains,18
Wollon_dilly,Blue Mountains,21
Ashfield,Blue Mountains,0
Burwood,Blue Mountains,3
Concord,Blue Mountains,3
Drum_moyne,Blue Mountains,0
Strathfield,Blue Mountains,3
Auburn,Blue Mountains,3
Holroyd,Blue Mountains,20
Parramatta,Blue Mountains,32
Blue_Mountains,Blue Mountains,11293
Penrith,Blue Mountains,650
Baulkham_Hills,Blue Mountains,15
Blacktown,Blue Mountains,95
Hunters_Hill,Blue Mountains,0
Lane_Cove,Blue Mountains,9
Mosman,Blue Mountains,0
North_Sydney,Blue Mountains,3
Ryde,Blue Mountains,9
Willoughby,Blue Mountains,6
Hornsby,Blue Mountains,4
Ku_ring_gai,Blue Mountains,9
Manly,Blue Mountains,0
Warringah,Blue Mountains,10
Gosford,Blue Mountains,6
Wyong,Blue Mountains,8
Cessnock,Blue Mountains,0
Lake_Macquarie,Blue Mountains,3
Maitland,Blue Mountains,3
Newcastle_Inner,Blue Mountains,0
Newcastle_Remainder,Blue Mountains,3
Port_Stephens,Blue Mountains,0
Kiama,Blue Mountains,0
Shell_harbour,Blue Mountains,0
Shoal_haven,Blue Mountains,0
Wingecar_ribee,Blue Mountains,0
Wollong_ong,Blue Mountains,0
Botany,Hawkesbury,0
Leichhardt,Hawkesbury,24
Marrickville,Hawkesbury,12
South_Sydney,Hawkesbury,7
Sydney_Inner,Hawkesbury,0
Sydney_Remainder,Hawkesbury,0
Randwick,Hawkesbury,3
Waverley,Hawkesbury,8
Woollahra,Hawkesbury,6
Hurstville,Hawkesbury,7
Kogarah,Hawkesbury,6
Rockdale,Hawkesbury,3
Sutherland,Hawkesbury,17
Bankstown,Hawkesbury,20
Canterbury,Hawkesbury,25
Fairfield,Hawkesbury,64
Liverpool,Hawkesbury,44
Camden,Hawkesbury,13
Campbell_town,Hawkesbury,31
Wollon_dilly,Hawkesbury,9
Ashfield,Hawkesbury,17
Burwood,Hawkesbury,6
Concord,Hawkesbury,10
Drum_moyne,Hawkesbury,12
Strathfield,Hawkesbury,6
Auburn,Hawkesbury,8
Holroyd,Hawkesbury,75
Parramatta,Hawkesbury,136
Blue_Mountains,Hawkesbury,390
Hawkes_bury,Hawkesbury,10606
Baulkham_Hills,Hawkesbury,646
Blacktown,Hawkesbury,899
Hunters_Hill,Hawkesbury,6
Lane_Cove,Hawkesbury,6
Mosman,Hawkesbury,3
North_Sydney,Hawkesbury,13
Ryde,Hawkesbury,38
Willoughby,Hawkesbury,15
Hornsby,Hawkesbury,148
Ku_ring_gai,Hawkesbury,50
Manly,Hawkesbury,6
Warringah,Hawkesbury,25
Gosford,Hawkesbury,18
Wyong,Hawkesbury,9
Cessnock,Hawkesbury,3
Lake_Macquarie,Hawkesbury,6
Maitland,Hawkesbury,6
Newcastle_Inner,Hawkesbury,0
Newcastle_Remainder,Hawkesbury,19
Port_Stephens,Hawkesbury,3
Kiama,Hawkesbury,3
Shell_harbour,Hawkesbury,3
Shoal_haven,Hawkesbury,0
Wingecar_ribee,Hawkesbury,0
Wollong_ong,Hawkesbury,0
Botany,Penrith,3
Leichhardt,Penrith,39
Marrickville,Penrith,50
South_Sydney,Penrith,34
Sydney_Inner,Penrith,3
Sydney_Remainder,Penrith,3
Randwick,Penrith,34
Waverley,Penrith,27
Woollahra,Penrith,24
Hurstville,Penrith,28
Kogarah,Penrith,22
Rockdale,Penrith,29
Sutherland,Penrith,83
Bankstown,Penrith,137
Canterbury,Penrith,54
Fairfield,Penrith,458
Liverpool,Penrith,412
Camden,Penrith,107
Campbell_town,Penrith,247
Wollon_dilly,Penrith,459
Ashfield,Penrith,44
Burwood,Penrith,27
Concord,Penrith,30
Drum_moyne,Penrith,26
Strathfield,Penrith,57
Auburn,Penrith,63
Holroyd,Penrith,387
Parramatta,Penrith,448
Blue_Mountains,Penrith,4521
Hawkes_bury,Penrith,1226
Penrith,Penrith,22706
Baulkham_Hills,Penrith,616
Blacktown,Penrith,3756
Hunters_Hill,Penrith,19
Lane_Cove,Penrith,16
Mosman,Penrith,4
North_Sydney,Penrith,14
Ryde,Penrith,97
Willoughby,Penrith,23
Hornsby,Penrith,199
Ku_ring_gai,Penrith,58
Manly,Penrith,3
Warringah,Penrith,54
Gosford,Penrith,33
Wyong,Penrith,33
Cessnock,Penrith,0
Lake_Macquarie,Penrith,9
Maitland,Penrith,0
Newcastle_Inner,Penrith,0
Newcastle_Remainder,Penrith,3
Port_Stephens,Penrith,0
Kiama,Penrith,3
Shell_harbour,Penrith,3
Shoal_haven,Penrith,0
Wingecar_ribee,Penrith,17
Wollong_ong,Penrith,46
Botany,Baulkham Hills,19
Leichhardt,Baulkham Hills,109
Marrickville,Baulkham Hills,92
South_Sydney,Baulkham Hills,44
Sydney_Inner,Baulkham Hills,0
Sydney_Remainder,Baulkham Hills,7
Randwick,Baulkham Hills,65
Waverley,Baulkham Hills,40
Woollahra,Baulkham Hills,32
Hurstville,Baulkham Hills,61
Kogarah,Baulkham Hills,30
Rockdale,Baulkham Hills,47
Sutherland,Baulkham Hills,147
Bankstown,Baulkham Hills,195
Canterbury,Baulkham Hills,117
Fairfield,Baulkham Hills,415
Liverpool,Baulkham Hills,174
Camden,Baulkham Hills,28
Campbell_town,Baulkham Hills,162
Wollon_dilly,Baulkham Hills,28
Ashfield,Baulkham Hills,49
Burwood,Baulkham Hills,58
Concord,Baulkham Hills,66
Drum_moyne,Baulkham Hills,80
Strathfield,Baulkham Hills,53
Auburn,Baulkham Hills,94
Holroyd,Baulkham Hills,742
Parramatta,Baulkham Hills,2384
Blue_Mountains,Baulkham Hills,195
Hawkes_bury,Baulkham Hills,1119
Penrith,Baulkham Hills,833
Baulkham_Hills,Baulkham Hills,14014
Hunters_Hill,Baulkham Hills,35
Lane_Cove,Baulkham Hills,100
Mosman,Baulkham Hills,30
North_Sydney,Baulkham Hills,123
Ryde,Baulkham Hills,609
Willoughby,Baulkham Hills,116
Hornsby,Baulkham Hills,2770
Ku_ring_gai,Baulkham Hills,462
Manly,Baulkham Hills,43
Warringah,Baulkham Hills,308
Gosford,Baulkham Hills,182
Wyong,Baulkham Hills,111
Cessnock,Baulkham Hills,3
Lake_Macquarie,Baulkham Hills,33
Maitland,Baulkham Hills,6
Newcastle_Inner,Baulkham Hills,0
Newcastle_Remainder,Baulkham Hills,26
Port_Stephens,Baulkham Hills,16
Kiama,Baulkham Hills,6
Shell_harbour,Baulkham Hills,11
Shoal_haven,Baulkham Hills,6
Wingecar_ribee,Baulkham Hills,5
Wollong_ong,Baulkham Hills,30
Botany,Blacktown,16
Leichhardt,Blacktown,137
Marrickville,Blacktown,112
South_Sydney,Blacktown,65
Sydney_Inner,Blacktown,3
Sydney_Remainder,Blacktown,3
Randwick,Blacktown,69
Waverley,Blacktown,56
Woollahra,Blacktown,31
Hurstville,Blacktown,85
Kogarah,Blacktown,54
Rockdale,Blacktown,72
Sutherland,Blacktown,231
Bankstown,Blacktown,429
Canterbury,Blacktown,169
Fairfield,Blacktown,1317
Liverpool,Blacktown,514
Camden,Blacktown,99
Campbell_town,Blacktown,461
Wollon_dilly,Blacktown,168
Ashfield,Blacktown,109
Burwood,Blacktown,103
Concord,Blacktown,89
Drum_moyne,Blacktown,115
Strathfield,Blacktown,112
Auburn,Blacktown,268
Holroyd,Blacktown,1842
Parramatta,Blacktown,2520
Blue_Mountains,Blacktown,1447
Hawkes_bury,Blacktown,2213
Penrith,Blacktown,6841
Baulkham_Hills,Blacktown,3693
Blacktown,Blacktown,24409
Hunters_Hill,Blacktown,30
Lane_Cove,Blacktown,66
Mosman,Blacktown,13
North_Sydney,Blacktown,76
Ryde,Blacktown,411
Willoughby,Blacktown,68
Hornsby,Blacktown,994
Ku_ring_gai,Blacktown,310
Manly,Blacktown,33
Warringah,Blacktown,195
Gosford,Blacktown,143
Wyong,Blacktown,99
Cessnock,Blacktown,3
Lake_Macquarie,Blacktown,27
Maitland,Blacktown,3
Newcastle_Inner,Blacktown,0
Newcastle_Remainder,Blacktown,12
Port_Stephens,Blacktown,10
Kiama,Blacktown,3
Shell_harbour,Blacktown,9
Shoal_haven,Blacktown,3
Wingecar_ribee,Blacktown,21
Wollong_ong,Blacktown,57
Botany,Hunters Hill,0
Leichhardt,Hunters Hill,90
Marrickville,Hunters Hill,26
South_Sydney,Hunters Hill,12
Sydney_Inner,Hunters Hill,0
Sydney_Remainder,Hunters Hill,0
Randwick,Hunters Hill,26
Waverley,Hunters Hill,7
Woollahra,Hunters Hill,10
Hurstville,Hunters Hill,13
Kogarah,Hunters Hill,13
Rockdale,Hunters Hill,11
Sutherland,Hunters Hill,17
Bankstown,Hunters Hill,18
Canterbury,Hunters Hill,32
Fairfield,Hunters Hill,18
Liverpool,Hunters Hill,8
Camden,Hunters Hill,3
Campbell_town,Hunters Hill,6
Wollon_dilly,Hunters Hill,3
Ashfield,Hunters Hill,17
Burwood,Hunters Hill,15
Concord,Hunters Hill,13
Drum_moyne,Hunters Hill,101
Strathfield,Hunters Hill,11
Auburn,Hunters Hill,9
Holroyd,Hunters Hill,12
Parramatta,Hunters Hill,124
Blue_Mountains,Hunters Hill,0
Hawkes_bury,Hunters Hill,6
Penrith,Hunters Hill,25
Baulkham_Hills,Hunters Hill,60
Blacktown,Hunters Hill,45
Hunters_Hill,Hunters Hill,773
Mosman,Hunters Hill,29
North_Sydney,Hunters Hill,38
Ryde,Hunters Hill,576
Willoughby,Hunters Hill,60
Hornsby,Hunters Hill,120
Ku_ring_gai,Hunters Hill,95
Manly,Hunters Hill,17
Warringah,Hunters Hill,80
Gosford,Hunters Hill,12
Wyong,Hunters Hill,6
Cessnock,Hunters Hill,0
Lake_Macquarie,Hunters Hill,0
Maitland,Hunters Hill,0
Newcastle_Inner,Hunters Hill,0
Newcastle_Remainder,Hunters Hill,0
Port_Stephens,Hunters Hill,0
Kiama,Hunters Hill,7
Shell_harbour,Hunters Hill,59
Shoal_haven,Hunters Hill,0
Wingecar_ribee,Hunters Hill,0
Wollong_ong,Hunters Hill,485
Botany,Lane Cove,37
Leichhardt,Lane Cove,295
Marrickville,Lane Cove,205
South_Sydney,Lane Cove,170
Sydney_Inner,Lane Cove,9
Sydney_Remainder,Lane Cove,9
Randwick,Lane Cove,199
Waverley,Lane Cove,132
Woollahra,Lane Cove,129
Hurstville,Lane Cove,79
Kogarah,Lane Cove,55
Rockdale,Lane Cove,114
Sutherland,Lane Cove,141
Bankstown,Lane Cove,130
Canterbury,Lane Cove,159
Fairfield,Lane Cove,129
Liverpool,Lane Cove,67
Camden,Lane Cove,7
Campbell_town,Lane Cove,54
Wollon_dilly,Lane Cove,8
Ashfield,Lane Cove,130
Burwood,Lane Cove,42
Concord,Lane Cove,85
Drum_moyne,Lane Cove,198
Strathfield,Lane Cove,47
Auburn,Lane Cove,91
Holroyd,Lane Cove,114
Parramatta,Lane Cove,434
Blue_Mountains,Lane Cove,59
Hawkes_bury,Lane Cove,37
Penrith,Lane Cove,106
Baulkham_Hills,Lane Cove,462
Blacktown,Lane Cove,364
Hunters_Hill,Lane Cove,154
Lane_Cove,Lane Cove,2580
North_Sydney,Lane Cove,735
Ryde,Lane Cove,1289
Willoughby,Lane Cove,944
Hornsby,Lane Cove,978
Ku_ring_gai,Lane Cove,1029
Manly,Lane Cove,264
Warringah,Lane Cove,1160
Gosford,Lane Cove,263
Wyong,Lane Cove,88
Cessnock,Lane Cove,3
Lake_Macquarie,Lane Cove,30
Maitland,Lane Cove,3
Newcastle_Inner,Lane Cove,0
Newcastle_Remainder,Lane Cove,10
Port_Stephens,Lane Cove,0
Kiama,Lane Cove,0
Shell_harbour,Lane Cove,9
Shoal_haven,Lane Cove,0
Wingecar_ribee,Lane Cove,6
Wollong_ong,Lane Cove,20
Botany,Mosman,24
Leichhardt,Mosman,103
Marrickville,Mosman,78
South_Sydney,Mosman,98
Sydney_Inner,Mosman,6
Sydney_Remainder,Mosman,7
Randwick,Mosman,93
Waverley,Mosman,53
Woollahra,Mosman,94
Hurstville,Mosman,15
Kogarah,Mosman,22
Rockdale,Mosman,24
Sutherland,Mosman,47
Bankstown,Mosman,19
Canterbury,Mosman,46
Fairfield,Mosman,30
Liverpool,Mosman,29
Camden,Mosman,6
Campbell_town,Mosman,20
Wollon_dilly,Mosman,3
Ashfield,Mosman,27
Burwood,Mosman,7
Concord,Mosman,13
Drum_moyne,Mosman,32
Strathfield,Mosman,13
Auburn,Mosman,8
Holroyd,Mosman,19
Parramatta,Mosman,76
Blue_Mountains,Mosman,18
Hawkes_bury,Mosman,20
Penrith,Mosman,39
Baulkham_Hills,Mosman,58
Blacktown,Mosman,59
Hunters_Hill,Mosman,26
Lane_Cove,Mosman,107
Mosman,Mosman,2538
Ryde,Mosman,149
Willoughby,Mosman,281
Hornsby,Mosman,137
Ku_ring_gai,Mosman,228
Manly,Mosman,563
Warringah,Mosman,1286
Gosford,Mosman,35
Wyong,Mosman,25
Cessnock,Mosman,0
Lake_Macquarie,Mosman,21
Maitland,Mosman,0
Newcastle_Inner,Mosman,0
Newcastle_Remainder,Mosman,3
Port_Stephens,Mosman,3
Kiama,Mosman,0
Shell_harbour,Mosman,3
Shoal_haven,Mosman,0
Wingecar_ribee,Mosman,3
Wollong_ong,Mosman,6
Botany,North Sydney,163
Leichhardt,North Sydney,1258
Marrickville,North Sydney,1001
South_Sydney,North Sydney,1330
Sydney_Inner,North Sydney,58
Sydney_Remainder,North Sydney,109
Randwick,North Sydney,1260
Waverley,North Sydney,986
Woollahra,North Sydney,979
Hurstville,North Sydney,504
Kogarah,North Sydney,440
Rockdale,North Sydney,643
Sutherland,North Sydney,1219
Bankstown,North Sydney,669
Canterbury,North Sydney,905
Fairfield,North Sydney,500
Liverpool,North Sydney,283
Camden,North Sydney,42
Campbell_town,North Sydney,501
Wollon_dilly,North Sydney,38
Ashfield,North Sydney,570
Burwood,North Sydney,290
Concord,North Sydney,247
Drum_moyne,North Sydney,517
Strathfield,North Sydney,227
Auburn,North Sydney,253
Holroyd,North Sydney,426
Parramatta,North Sydney,1183
Blue_Mountains,North Sydney,272
Hawkes_bury,North Sydney,167
Penrith,North Sydney,629
Baulkham_Hills,North Sydney,1312
Blacktown,North Sydney,1146
Hunters_Hill,North Sydney,231
Lane_Cove,North Sydney,1828
Mosman,North Sydney,1974
North_Sydney,North Sydney,7817
Willoughby,North Sydney,3042
Hornsby,North Sydney,2952
Ku_ring_gai,North Sydney,3364
Manly,North Sydney,1636
Warringah,North Sydney,5549
Gosford,North Sydney,1068
Wyong,North Sydney,355
Cessnock,North Sydney,9
Lake_Macquarie,North Sydney,102
Maitland,North Sydney,13
Newcastle_Inner,North Sydney,3
Newcastle_Remainder,North Sydney,54
Port_Stephens,North Sydney,22
Kiama,North Sydney,9
Shell_harbour,North Sydney,44
Shoal_haven,North Sydney,21
Wingecar_ribee,North Sydney,25
Wollong_ong,North Sydney,232
Botany,Ryde,55
Leichhardt,Ryde,749
Marrickville,Ryde,407
South_Sydney,Ryde,283
Sydney_Inner,Ryde,0
Sydney_Remainder,Ryde,25
Randwick,Ryde,333
Waverley,Ryde,241
Woollahra,Ryde,177
Hurstville,Ryde,204
Kogarah,Ryde,146
Rockdale,Ryde,209
Sutherland,Ryde,459
Bankstown,Ryde,573
Canterbury,Ryde,492
Fairfield,Ryde,665
Liverpool,Ryde,246
Camden,Ryde,33
Campbell_town,Ryde,306
Wollon_dilly,Ryde,30
Ashfield,Ryde,372
Burwood,Ryde,267
Concord,Ryde,410
Drum_moyne,Ryde,623
Strathfield,Ryde,242
Auburn,Ryde,380
Holroyd,Ryde,707
Parramatta,Ryde,3663
Blue_Mountains,Ryde,174
Hawkes_bury,Ryde,253
Penrith,Ryde,683
Baulkham_Hills,Ryde,2868
Blacktown,Ryde,1786
Hunters_Hill,Ryde,533
Lane_Cove,Ryde,584
Mosman,Ryde,222
North_Sydney,Ryde,549
Ryde,Ryde,12145
Hornsby,Ryde,4191
Ku_ring_gai,Ryde,1975
Manly,Ryde,191
Warringah,Ryde,1575
Gosford,Ryde,779
Wyong,Ryde,296
Cessnock,Ryde,8
Lake_Macquarie,Ryde,66
Maitland,Ryde,6
Newcastle_Inner,Ryde,3
Newcastle_Remainder,Ryde,31
Port_Stephens,Ryde,20
Kiama,Ryde,4
Shell_harbour,Ryde,19
Shoal_haven,Ryde,6
Wingecar_ribee,Ryde,25
Wollong_ong,Ryde,62
Botany,Willoughby,110
Leichhardt,Willoughby,711
Marrickville,Willoughby,571
South_Sydney,Willoughby,607
Sydney_Inner,Willoughby,24
Sydney_Remainder,Willoughby,54
Randwick,Willoughby,556
Waverley,Willoughby,444
Woollahra,Willoughby,385
Hurstville,Willoughby,230
Kogarah,Willoughby,187
Rockdale,Willoughby,342
Sutherland,Willoughby,509
Bankstown,Willoughby,414
Canterbury,Willoughby,512
Fairfield,Willoughby,335
Liverpool,Willoughby,157
Camden,Willoughby,13
Campbell_town,Willoughby,199
Wollon_dilly,Willoughby,18
Ashfield,Willoughby,353
Burwood,Willoughby,209
Concord,Willoughby,166
Drum_moyne,Willoughby,317
Strathfield,Willoughby,142
Auburn,Willoughby,185
Holroyd,Willoughby,306
Parramatta,Willoughby,966
Blue_Mountains,Willoughby,121
Hawkes_bury,Willoughby,103
Penrith,Willoughby,336
Baulkham_Hills,Willoughby,1094
Blacktown,Willoughby,784
Hunters_Hill,Willoughby,196
Lane_Cove,Willoughby,1714
Mosman,Willoughby,786
North_Sydney,Willoughby,2146
Ryde,Willoughby,2377
Willoughby,Willoughby,6744
Hornsby,Willoughby,3259
Ku_ring_gai,Willoughby,4134
Manly,Willoughby,795
Warringah,Willoughby,5485
Gosford,Willoughby,1441
Wyong,Willoughby,442
Cessnock,Willoughby,6
Lake_Macquarie,Willoughby,54
Maitland,Willoughby,6
Newcastle_Inner,Willoughby,0
Newcastle_Remainder,Willoughby,44
Port_Stephens,Willoughby,11
Kiama,Willoughby,6
Shell_harbour,Willoughby,10
Shoal_haven,Willoughby,6
Wingecar_ribee,Willoughby,11
Wollong_ong,Willoughby,71
Botany,Hornsby,14
Leichhardt,Hornsby,140
Marrickville,Hornsby,103
South_Sydney,Hornsby,112
Sydney_Inner,Hornsby,6
Sydney_Remainder,Hornsby,3
Randwick,Hornsby,82
Waverley,Hornsby,47
Woollahra,Hornsby,38
Hurstville,Hornsby,61
Kogarah,Hornsby,39
Rockdale,Hornsby,37
Sutherland,Hornsby,117
Bankstown,Hornsby,136
Canterbury,Hornsby,137
Fairfield,Hornsby,167
Liverpool,Hornsby,80
Camden,Hornsby,13
Campbell_town,Hornsby,84
Wollon_dilly,Hornsby,14
Ashfield,Hornsby,86
Burwood,Hornsby,86
Concord,Hornsby,72
Drum_moyne,Hornsby,73
Strathfield,Hornsby,57
Auburn,Hornsby,87
Holroyd,Hornsby,264
Parramatta,Hornsby,1222
Blue_Mountains,Hornsby,68
Hawkes_bury,Hornsby,303
Penrith,Hornsby,276
Baulkham_Hills,Hornsby,3099
Blacktown,Hornsby,920
Hunters_Hill,Hornsby,38
Lane_Cove,Hornsby,177
Mosman,Hornsby,82
North_Sydney,Hornsby,178
Ryde,Hornsby,1139
Willoughby,Hornsby,302
Hornsby,Hornsby,16488
Manly,Hornsby,113
Warringah,Hornsby,929
Gosford,Hornsby,2633
Wyong,Hornsby,877
Cessnock,Hornsby,9
Lake_Macquarie,Hornsby,91
Maitland,Hornsby,3
Newcastle_Inner,Hornsby,0
Newcastle_Remainder,Hornsby,30
Port_Stephens,Hornsby,4
Kiama,Hornsby,3
Shell_harbour,Hornsby,9
Shoal_haven,Hornsby,0
Wingecar_ribee,Hornsby,3
Wollong_ong,Hornsby,24
Botany,Ku-ring-gai,20
Leichhardt,Ku-ring-gai,171
Marrickville,Ku-ring-gai,106
South_Sydney,Ku-ring-gai,111
Sydney_Inner,Ku-ring-gai,0
Sydney_Remainder,Ku-ring-gai,10
Randwick,Ku-ring-gai,118
Waverley,Ku-ring-gai,65
Woollahra,Ku-ring-gai,73
Hurstville,Ku-ring-gai,59
Kogarah,Ku-ring-gai,35
Rockdale,Ku-ring-gai,61
Sutherland,Ku-ring-gai,95
Bankstown,Ku-ring-gai,89
Canterbury,Ku-ring-gai,119
Fairfield,Ku-ring-gai,87
Liverpool,Ku-ring-gai,51
Camden,Ku-ring-gai,4
Campbell_town,Ku-ring-gai,42
Wollon_dilly,Ku-ring-gai,11
Ashfield,Ku-ring-gai,81
Burwood,Ku-ring-gai,51
Concord,Ku-ring-gai,50
Drum_moyne,Ku-ring-gai,93
Strathfield,Ku-ring-gai,31
Auburn,Ku-ring-gai,47
Holroyd,Ku-ring-gai,85
Parramatta,Ku-ring-gai,371
Blue_Mountains,Ku-ring-gai,38
Hawkes_bury,Ku-ring-gai,55
Penrith,Ku-ring-gai,105
Baulkham_Hills,Ku-ring-gai,710
Blacktown,Ku-ring-gai,294
Hunters_Hill,Ku-ring-gai,44
Lane_Cove,Ku-ring-gai,309
Mosman,Ku-ring-gai,112
North_Sydney,Ku-ring-gai,383
Ryde,Ku-ring-gai,828
Willoughby,Ku-ring-gai,710
Hornsby,Ku-ring-gai,3479
Ku_ring_gai,Ku-ring-gai,10347
Manly,Ku-ring-gai,186
Warringah,Ku-ring-gai,1617
Gosford,Ku-ring-gai,791
Wyong,Ku-ring-gai,236
Cessnock,Ku-ring-gai,10
Lake_Macquarie,Ku-ring-gai,70
Maitland,Ku-ring-gai,3
Newcastle_Inner,Ku-ring-gai,3
Newcastle_Remainder,Ku-ring-gai,30
Port_Stephens,Ku-ring-gai,0
Kiama,Ku-ring-gai,0
Shell_harbour,Ku-ring-gai,0
Shoal_haven,Ku-ring-gai,3
Wingecar_ribee,Ku-ring-gai,3
Wollong_ong,Ku-ring-gai,27
Botany,Manly,15
Leichhardt,Manly,53
Marrickville,Manly,41
South_Sydney,Manly,45
Sydney_Inner,Manly,0
Sydney_Remainder,Manly,3
Randwick,Manly,59
Waverley,Manly,42
Woollahra,Manly,24
Hurstville,Manly,11
Kogarah,Manly,12
Rockdale,Manly,20
Sutherland,Manly,26
Bankstown,Manly,23
Canterbury,Manly,21
Fairfield,Manly,12
Liverpool,Manly,10
Camden,Manly,3
Campbell_town,Manly,7
Wollon_dilly,Manly,6
Ashfield,Manly,16
Burwood,Manly,6
Concord,Manly,14
Drum_moyne,Manly,16
Strathfield,Manly,3
Auburn,Manly,6
Holroyd,Manly,9
Parramatta,Manly,30
Blue_Mountains,Manly,6
Hawkes_bury,Manly,9
Penrith,Manly,14
Baulkham_Hills,Manly,38
Blacktown,Manly,27
Hunters_Hill,Manly,9
Lane_Cove,Manly,45
Mosman,Manly,159
North_Sydney,Manly,167
Ryde,Manly,67
Willoughby,Manly,116
Hornsby,Manly,107
Ku_ring_gai,Manly,162
Manly,Manly,3693
Gosford,Manly,61
Wyong,Manly,44
Cessnock,Manly,3
Lake_Macquarie,Manly,9
Maitland,Manly,3
Newcastle_Inner,Manly,0
Newcastle_Remainder,Manly,3
Port_Stephens,Manly,3
Kiama,Manly,0
Shell_harbour,Manly,3
Shoal_haven,Manly,0
Wingecar_ribee,Manly,3
Wollong_ong,Manly,9
Botany,Warringah,31
Leichhardt,Warringah,177
Marrickville,Warringah,152
South_Sydney,Warringah,156
Sydney_Inner,Warringah,3
Sydney_Remainder,Warringah,13
Randwick,Warringah,166
Waverley,Warringah,108
Woollahra,Warringah,112
Hurstville,Warringah,55
Kogarah,Warringah,58
Rockdale,Warringah,65
Sutherland,Warringah,143
Bankstown,Warringah,132
Canterbury,Warringah,147
Fairfield,Warringah,134
Liverpool,Warringah,53
Camden,Warringah,11
Campbell_town,Warringah,52
Wollon_dilly,Warringah,12
Ashfield,Warringah,95
Burwood,Warringah,52
Concord,Warringah,44
Drum_moyne,Warringah,80
Strathfield,Warringah,41
Auburn,Warringah,59
Holroyd,Warringah,76
Parramatta,Warringah,249
Blue_Mountains,Warringah,28
Hawkes_bury,Warringah,59
Penrith,Warringah,103
Baulkham_Hills,Warringah,312
Blacktown,Warringah,240
Hunters_Hill,Warringah,49
Lane_Cove,Warringah,266
Mosman,Warringah,390
North_Sydney,Warringah,595
Ryde,Warringah,549
Willoughby,Warringah,634
Hornsby,Warringah,924
Ku_ring_gai,Warringah,1155
Manly,Warringah,2528
Warringah,Warringah,39125
Gosford,Warringah,410
Wyong,Warringah,225
Cessnock,Warringah,12
Lake_Macquarie,Warringah,42
Maitland,Warringah,6
Newcastle_Inner,Warringah,0
Newcastle_Remainder,Warringah,31
Port_Stephens,Warringah,9
Kiama,Warringah,6
Shell_harbour,Warringah,5
Shoal_haven,Warringah,6
Wingecar_ribee,Warringah,6
Wollong_ong,Warringah,41
Botany,Gosford,0
Leichhardt,Gosford,9
Marrickville,Gosford,3
South_Sydney,Gosford,14
Sydney_Inner,Gosford,0
Sydney_Remainder,Gosford,3
Randwick,Gosford,16
Waverley,Gosford,11
Woollahra,Gosford,4
Hurstville,Gosford,6
Kogarah,Gosford,3
Rockdale,Gosford,6
Sutherland,Gosford,13
Bankstown,Gosford,6
Canterbury,Gosford,3
Fairfield,Gosford,20
Liverpool,Gosford,3
Camden,Gosford,0
Campbell_town,Gosford,6
Wollon_dilly,Gosford,3
Ashfield,Gosford,0
Burwood,Gosford,9
Concord,Gosford,15
Drum_moyne,Gosford,0
Strathfield,Gosford,3
Auburn,Gosford,12
Holroyd,Gosford,7
Parramatta,Gosford,25
Blue_Mountains,Gosford,0
Hawkes_bury,Gosford,16
Penrith,Gosford,11
Baulkham_Hills,Gosford,42
Blacktown,Gosford,32
Hunters_Hill,Gosford,9
Lane_Cove,Gosford,15
Mosman,Gosford,6
North_Sydney,Gosford,23
Ryde,Gosford,35
Willoughby,Gosford,15
Hornsby,Gosford,215
Ku_ring_gai,Gosford,79
Manly,Gosford,17
Warringah,Gosford,57
Gosford,Gosford,26372
Cessnock,Gosford,62
Lake_Macquarie,Gosford,360
Maitland,Gosford,7
Newcastle_Inner,Gosford,6
Newcastle_Remainder,Gosford,79
Port_Stephens,Gosford,9
Kiama,Gosford,0
Shell_harbour,Gosford,6
Shoal_haven,Gosford,0
Wingecar_ribee,Gosford,3
Wollong_ong,Gosford,9
Botany,Wyong,0
Leichhardt,Wyong,3
Marrickville,Wyong,12
South_Sydney,Wyong,12
Sydney_Inner,Wyong,0
Sydney_Remainder,Wyong,3
Randwick,Wyong,8
Waverley,Wyong,9
Woollahra,Wyong,3
Hurstville,Wyong,3
Kogarah,Wyong,3
Rockdale,Wyong,3
Sutherland,Wyong,6
Bankstown,Wyong,6
Canterbury,Wyong,6
Fairfield,Wyong,6
Liverpool,Wyong,9
Camden,Wyong,6
Campbell_town,Wyong,6
Wollon_dilly,Wyong,0
Ashfield,Wyong,3
Burwood,Wyong,3
Concord,Wyong,6
Drum_moyne,Wyong,0
Strathfield,Wyong,0
Auburn,Wyong,0
Holroyd,Wyong,6
Parramatta,Wyong,9
Blue_Mountains,Wyong,7
Hawkes_bury,Wyong,3
Penrith,Wyong,7
Baulkham_Hills,Wyong,20
Blacktown,Wyong,13
Hunters_Hill,Wyong,6
Lane_Cove,Wyong,3
Mosman,Wyong,0
North_Sydney,Wyong,12
Ryde,Wyong,9
Willoughby,Wyong,0
Hornsby,Wyong,62
Ku_ring_gai,Wyong,21
Manly,Wyong,0
Warringah,Wyong,26
Gosford,Wyong,2730
Wyong,Wyong,16198
Cessnock,Wyong,226
Lake_Macquarie,Wyong,1792
Maitland,Wyong,13
Newcastle_Inner,Wyong,0
Newcastle_Remainder,Wyong,127
Port_Stephens,Wyong,15
Kiama,Wyong,0
Shell_harbour,Wyong,0
Shoal_haven,Wyong,0
Wingecar_ribee,Wyong,0
Wollong_ong,Wyong,4
Botany,Cessnock,0
Leichhardt,Cessnock,0
Marrickville,Cessnock,0
South_Sydney,Cessnock,0
Sydney_Inner,Cessnock,0
Sydney_Remainder,Cessnock,0
Randwick,Cessnock,6
Waverley,Cessnock,0
Woollahra,Cessnock,0
Hurstville,Cessnock,0
Kogarah,Cessnock,0
Rockdale,Cessnock,0
Sutherland,Cessnock,0
Bankstown,Cessnock,6
Canterbury,Cessnock,0
Fairfield,Cessnock,0
Liverpool,Cessnock,9
Camden,Cessnock,6
Campbell_town,Cessnock,20
Wollon_dilly,Cessnock,3
Ashfield,Cessnock,0
Burwood,Cessnock,0
Concord,Cessnock,3
Drum_moyne,Cessnock,0
Strathfield,Cessnock,0
Auburn,Cessnock,0
Holroyd,Cessnock,0
Parramatta,Cessnock,3
Blue_Mountains,Cessnock,0
Hawkes_bury,Cessnock,0
Penrith,Cessnock,0
Baulkham_Hills,Cessnock,3
Blacktown,Cessnock,0
Hunters_Hill,Cessnock,0
Lane_Cove,Cessnock,6
Mosman,Cessnock,0
North_Sydney,Cessnock,0
Ryde,Cessnock,0
Willoughby,Cessnock,0
Hornsby,Cessnock,6
Ku_ring_gai,Cessnock,3
Manly,Cessnock,0
Warringah,Cessnock,0
Gosford,Cessnock,10
Wyong,Cessnock,39
Cessnock,Cessnock,7825
Maitland,Cessnock,966
Newcastle_Inner,Cessnock,10
Newcastle_Remainder,Cessnock,349
Port_Stephens,Cessnock,127
Kiama,Cessnock,0
Shell_harbour,Cessnock,3
Shoal_haven,Cessnock,0
Wingecar_ribee,Cessnock,0
Wollong_ong,Cessnock,6
Botany,Lake Macquarie,0
Leichhardt,Lake Macquarie,0
Marrickville,Lake Macquarie,3
South_Sydney,Lake Macquarie,0
Sydney_Inner,Lake Macquarie,0
Sydney_Remainder,Lake Macquarie,0
Randwick,Lake Macquarie,9
Waverley,Lake Macquarie,3
Woollahra,Lake Macquarie,0
Hurstville,Lake Macquarie,3
Kogarah,Lake Macquarie,0
Rockdale,Lake Macquarie,10
Sutherland,Lake Macquarie,15
Bankstown,Lake Macquarie,13
Canterbury,Lake Macquarie,6
Fairfield,Lake Macquarie,17
Liverpool,Lake Macquarie,7
Camden,Lake Macquarie,3
Campbell_town,Lake Macquarie,3
Wollon_dilly,Lake Macquarie,6
Ashfield,Lake Macquarie,6
Burwood,Lake Macquarie,3
Concord,Lake Macquarie,0
Drum_moyne,Lake Macquarie,0
Strathfield,Lake Macquarie,3
Auburn,Lake Macquarie,6
Holroyd,Lake Macquarie,10
Parramatta,Lake Macquarie,11
Blue_Mountains,Lake Macquarie,3
Hawkes_bury,Lake Macquarie,6
Penrith,Lake Macquarie,21
Baulkham_Hills,Lake Macquarie,14
Blacktown,Lake Macquarie,11
Hunters_Hill,Lake Macquarie,3
Lane_Cove,Lake Macquarie,3
Mosman,Lake Macquarie,3
North_Sydney,Lake Macquarie,6
Ryde,Lake Macquarie,9
Willoughby,Lake Macquarie,0
Hornsby,Lake Macquarie,19
Ku_ring_gai,Lake Macquarie,11
Manly,Lake Macquarie,0
Warringah,Lake Macquarie,5
Gosford,Lake Macquarie,157
Wyong,Lake Macquarie,824
Cessnock,Lake Macquarie,798
Lake_Macquarie,Lake Macquarie,27124
Newcastle_Inner,Lake Macquarie,142
Newcastle_Remainder,Lake Macquarie,5575
Port_Stephens,Lake Macquarie,539
Kiama,Lake Macquarie,0
Shell_harbour,Lake Macquarie,3
Shoal_haven,Lake Macquarie,3
Wingecar_ribee,Lake Macquarie,3
Wollong_ong,Lake Macquarie,13
Botany,Maitland,0
Leichhardt,Maitland,3
Marrickville,Maitland,0
South_Sydney,Maitland,6
Sydney_Inner,Maitland,0
Sydney_Remainder,Maitland,0
Randwick,Maitland,6
Waverley,Maitland,0
Woollahra,Maitland,0
Hurstville,Maitland,0
Kogarah,Maitland,0
Rockdale,Maitland,0
Sutherland,Maitland,3
Bankstown,Maitland,0
Canterbury,Maitland,0
Fairfield,Maitland,0
Liverpool,Maitland,0
Camden,Maitland,0
Campbell_town,Maitland,3
Wollon_dilly,Maitland,0
Ashfield,Maitland,0
Burwood,Maitland,0
Concord,Maitland,0
Drum_moyne,Maitland,0
Strathfield,Maitland,0
Auburn,Maitland,0
Holroyd,Maitland,3
Parramatta,Maitland,0
Blue_Mountains,Maitland,0
Hawkes_bury,Maitland,0
Penrith,Maitland,3
Baulkham_Hills,Maitland,3
Blacktown,Maitland,4
Hunters_Hill,Maitland,0
Lane_Cove,Maitland,0
Mosman,Maitland,0
North_Sydney,Maitland,0
Ryde,Maitland,0
Willoughby,Maitland,0
Hornsby,Maitland,0
Ku_ring_gai,Maitland,3
Manly,Maitland,0
Warringah,Maitland,3
Gosford,Maitland,19
Wyong,Maitland,24
Cessnock,Maitland,1193
Lake_Macquarie,Maitland,536
Maitland,Maitland,6590
Newcastle_Remainder,Maitland,980
Port_Stephens,Maitland,652
Kiama,Maitland,0
Shell_harbour,Maitland,0
Shoal_haven,Maitland,0
Wingecar_ribee,Maitland,0
Wollong_ong,Maitland,0
Botany,Newcastle (Inner),0
Leichhardt,Newcastle (Inner),3
Marrickville,Newcastle (Inner),6
South_Sydney,Newcastle (Inner),0
Sydney_Inner,Newcastle (Inner),0
Sydney_Remainder,Newcastle (Inner),3
Randwick,Newcastle (Inner),6
Waverley,Newcastle (Inner),3
Woollahra,Newcastle (Inner),0
Hurstville,Newcastle (Inner),0
Kogarah,Newcastle (Inner),3
Rockdale,Newcastle (Inner),3
Sutherland,Newcastle (Inner),0
Bankstown,Newcastle (Inner),7
Canterbury,Newcastle (Inner),3
Fairfield,Newcastle (Inner),0
Liverpool,Newcastle (Inner),6
Camden,Newcastle (Inner),0
Campbell_town,Newcastle (Inner),0
Wollon_dilly,Newcastle (Inner),0
Ashfield,Newcastle (Inner),3
Burwood,Newcastle (Inner),0
Concord,Newcastle (Inner),0
Drum_moyne,Newcastle (Inner),0
Strathfield,Newcastle (Inner),0
Auburn,Newcastle (Inner),3
Holroyd,Newcastle (Inner),3
Parramatta,Newcastle (Inner),3
Blue_Mountains,Newcastle (Inner),0
Hawkes_bury,Newcastle (Inner),0
Penrith,Newcastle (Inner),6
Baulkham_Hills,Newcastle (Inner),3
Blacktown,Newcastle (Inner),11
Hunters_Hill,Newcastle (Inner),0
Lane_Cove,Newcastle (Inner),0
Mosman,Newcastle (Inner),0
North_Sydney,Newcastle (Inner),0
Ryde,Newcastle (Inner),0
Willoughby,Newcastle (Inner),3
Hornsby,Newcastle (Inner),9
Ku_ring_gai,Newcastle (Inner),7
Manly,Newcastle (Inner),0
Warringah,Newcastle (Inner),3
Gosford,Newcastle (Inner),118
Wyong,Newcastle (Inner),211
Cessnock,Newcastle (Inner),371
Lake_Macquarie,Newcastle (Inner),6250
Maitland,Newcastle (Inner),675
Newcastle_Inner,Newcastle (Inner),588
Port_Stephens,Newcastle (Inner),971
Kiama,Newcastle (Inner),3
Shell_harbour,Newcastle (Inner),9
Shoal_haven,Newcastle (Inner),0
Wingecar_ribee,Newcastle (Inner),0
Wollong_ong,Newcastle (Inner),13
Botany,Newcastle (Remainder),0
Leichhardt,Newcastle (Remainder),9
Marrickville,Newcastle (Remainder),6
South_Sydney,Newcastle (Remainder),9
Sydney_Inner,Newcastle (Remainder),3
Sydney_Remainder,Newcastle (Remainder),3
Randwick,Newcastle (Remainder),9
Waverley,Newcastle (Remainder),3
Woollahra,Newcastle (Remainder),0
Hurstville,Newcastle (Remainder),3
Kogarah,Newcastle (Remainder),3
Rockdale,Newcastle (Remainder),3
Sutherland,Newcastle (Remainder),15
Bankstown,Newcastle (Remainder),6
Canterbury,Newcastle (Remainder),6
Fairfield,Newcastle (Remainder),3
Liverpool,Newcastle (Remainder),3
Camden,Newcastle (Remainder),0
Campbell_town,Newcastle (Remainder),0
Wollon_dilly,Newcastle (Remainder),0
Ashfield,Newcastle (Remainder),3
Burwood,Newcastle (Remainder),3
Concord,Newcastle (Remainder),3
Drum_moyne,Newcastle (Remainder),3
Strathfield,Newcastle (Remainder),0
Auburn,Newcastle (Remainder),6
Holroyd,Newcastle (Remainder),0
Parramatta,Newcastle (Remainder),7
Blue_Mountains,Newcastle (Remainder),7
Hawkes_bury,Newcastle (Remainder),6
Penrith,Newcastle (Remainder),6
Baulkham_Hills,Newcastle (Remainder),9
Blacktown,Newcastle (Remainder),14
Hunters_Hill,Newcastle (Remainder),0
Lane_Cove,Newcastle (Remainder),0
Mosman,Newcastle (Remainder),3
North_Sydney,Newcastle (Remainder),3
Ryde,Newcastle (Remainder),3
Willoughby,Newcastle (Remainder),0
Hornsby,Newcastle (Remainder),11
Ku_ring_gai,Newcastle (Remainder),12
Manly,Newcastle (Remainder),0
Warringah,Newcastle (Remainder),11
Gosford,Newcastle (Remainder),118
Wyong,Newcastle (Remainder),308
Cessnock,Newcastle (Remainder),1285
Lake_Macquarie,Newcastle (Remainder),17660
Maitland,Newcastle (Remainder),2133
Newcastle_Inner,Newcastle (Remainder),577
Newcastle_Remainder,Newcastle (Remainder),27201
Kiama,Newcastle (Remainder),0
Shell_harbour,Newcastle (Remainder),3
Shoal_haven,Newcastle (Remainder),0
Wingecar_ribee,Newcastle (Remainder),3
Wollong_ong,Newcastle (Remainder),13
Botany,Port Stephens,0
Leichhardt,Port Stephens,0
Marrickville,Port Stephens,0
South_Sydney,Port Stephens,0
Sydney_Inner,Port Stephens,0
Sydney_Remainder,Port Stephens,0
Randwick,Port Stephens,3
Waverley,Port Stephens,0
Woollahra,Port Stephens,0
Hurstville,Port Stephens,0
Kogarah,Port Stephens,3
Rockdale,Port Stephens,6
Sutherland,Port Stephens,0
Bankstown,Port Stephens,3
Canterbury,Port Stephens,0
Fairfield,Port Stephens,3
Liverpool,Port Stephens,3
Camden,Port Stephens,0
Campbell_town,Port Stephens,3
Wollon_dilly,Port Stephens,3
Ashfield,Port Stephens,0
Burwood,Port Stephens,0
Concord,Port Stephens,0
Drum_moyne,Port Stephens,0
Strathfield,Port Stephens,0
Auburn,Port Stephens,0
Holroyd,Port Stephens,0
Parramatta,Port Stephens,6
Blue_Mountains,Port Stephens,0
Hawkes_bury,Port Stephens,0
Penrith,Port Stephens,0
Baulkham_Hills,Port Stephens,3
Blacktown,Port Stephens,0
Hunters_Hill,Port Stephens,0
Lane_Cove,Port Stephens,0
Mosman,Port Stephens,0
North_Sydney,Port Stephens,0
Ryde,Port Stephens,6
Willoughby,Port Stephens,0
Hornsby,Port Stephens,6
Ku_ring_gai,Port Stephens,0
Manly,Port Stephens,0
Warringah,Port Stephens,3
Gosford,Port Stephens,14
Wyong,Port Stephens,40
Cessnock,Port Stephens,187
Lake_Macquarie,Port Stephens,726
Maitland,Port Stephens,412
Newcastle_Inner,Port Stephens,30
Newcastle_Remainder,Port Stephens,1215
Port_Stephens,Port Stephens,8197
Kiama,Port Stephens,0
Shell_harbour,Port Stephens,0
Shoal_haven,Port Stephens,0
Wingecar_ribee,Port Stephens,0
Wollong_ong,Port Stephens,3
Botany,Kiama,0
Leichhardt,Kiama,0
Marrickville,Kiama,0
South_Sydney,Kiama,3
Sydney_Inner,Kiama,0
Sydney_Remainder,Kiama,0
Randwick,Kiama,0
Waverley,Kiama,0
Woollahra,Kiama,3
Hurstville,Kiama,3
Kogarah,Kiama,9
Rockdale,Kiama,0
Sutherland,Kiama,5
Bankstown,Kiama,0
Canterbury,Kiama,0
Fairfield,Kiama,3
Liverpool,Kiama,0
Camden,Kiama,0
Campbell_town,Kiama,6
Wollon_dilly,Kiama,3
Ashfield,Kiama,0
Burwood,Kiama,0
Concord,Kiama,0
Drum_moyne,Kiama,0
Strathfield,Kiama,3
Auburn,Kiama,0
Holroyd,Kiama,0
Parramatta,Kiama,0
Blue_Mountains,Kiama,3
Hawkes_bury,Kiama,3
Penrith,Kiama,0
Baulkham_Hills,Kiama,0
Blacktown,Kiama,6
Hunters_Hill,Kiama,3
Lane_Cove,Kiama,0
Mosman,Kiama,0
North_Sydney,Kiama,0
Ryde,Kiama,3
Willoughby,Kiama,0
Hornsby,Kiama,3
Ku_ring_gai,Kiama,0
Manly,Kiama,0
Warringah,Kiama,0
Gosford,Kiama,0
Wyong,Kiama,0
Cessnock,Kiama,0
Lake_Macquarie,Kiama,0
Maitland,Kiama,0
Newcastle_Inner,Kiama,0
Newcastle_Remainder,Kiama,0
Port_Stephens,Kiama,0
Kiama,Kiama,2365
Shoal_haven,Kiama,107
Wingecar_ribee,Kiama,12
Wollong_ong,Kiama,224
Botany,Shellharbour,0
Leichhardt,Shellharbour,0
Marrickville,Shellharbour,3
South_Sydney,Shellharbour,0
Sydney_Inner,Shellharbour,0
Sydney_Remainder,Shellharbour,0
Randwick,Shellharbour,0
Waverley,Shellharbour,3
Woollahra,Shellharbour,0
Hurstville,Shellharbour,9
Kogarah,Shellharbour,12
Rockdale,Shellharbour,8
Sutherland,Shellharbour,30
Bankstown,Shellharbour,6
Canterbury,Shellharbour,7
Fairfield,Shellharbour,3
Liverpool,Shellharbour,6
Camden,Shellharbour,0
Campbell_town,Shellharbour,12
Wollon_dilly,Shellharbour,3
Ashfield,Shellharbour,0
Burwood,Shellharbour,0
Concord,Shellharbour,0
Drum_moyne,Shellharbour,0
Strathfield,Shellharbour,0
Auburn,Shellharbour,0
Holroyd,Shellharbour,0
Parramatta,Shellharbour,0
Blue_Mountains,Shellharbour,0
Hawkes_bury,Shellharbour,0
Penrith,Shellharbour,0
Baulkham_Hills,Shellharbour,0
Blacktown,Shellharbour,3
Hunters_Hill,Shellharbour,0
Lane_Cove,Shellharbour,0
Mosman,Shellharbour,0
North_Sydney,Shellharbour,0
Ryde,Shellharbour,0
Willoughby,Shellharbour,0
Hornsby,Shellharbour,0
Ku_ring_gai,Shellharbour,0
Manly,Shellharbour,0
Warringah,Shellharbour,3
Gosford,Shellharbour,0
Wyong,Shellharbour,3
Cessnock,Shellharbour,0
Lake_Macquarie,Shellharbour,3
Maitland,Shellharbour,0
Newcastle_Inner,Shellharbour,0
Newcastle_Remainder,Shellharbour,0
Port_Stephens,Shellharbour,0
Kiama,Shellharbour,678
Shell_harbour,Shellharbour,4505
Wingecar_ribee,Shellharbour,30
Wollong_ong,Shellharbour,1591
Botany,Shoalhaven,0
Leichhardt,Shoalhaven,0
Marrickville,Shoalhaven,0
South_Sydney,Shoalhaven,0
Sydney_Inner,Shoalhaven,0
Sydney_Remainder,Shoalhaven,0
Randwick,Shoalhaven,3
Waverley,Shoalhaven,0
Woollahra,Shoalhaven,3
Hurstville,Shoalhaven,0
Kogarah,Shoalhaven,3
Rockdale,Shoalhaven,0
Sutherland,Shoalhaven,3
Bankstown,Shoalhaven,3
Canterbury,Shoalhaven,0
Fairfield,Shoalhaven,0
Liverpool,Shoalhaven,0
Camden,Shoalhaven,3
Campbell_town,Shoalhaven,0
Wollon_dilly,Shoalhaven,0
Ashfield,Shoalhaven,0
Burwood,Shoalhaven,3
Concord,Shoalhaven,0
Drum_moyne,Shoalhaven,0
Strathfield,Shoalhaven,0
Auburn,Shoalhaven,0
Holroyd,Shoalhaven,0
Parramatta,Shoalhaven,0
Blue_Mountains,Shoalhaven,0
Hawkes_bury,Shoalhaven,0
Penrith,Shoalhaven,0
Baulkham_Hills,Shoalhaven,0
Blacktown,Shoalhaven,6
Hunters_Hill,Shoalhaven,0
Lane_Cove,Shoalhaven,0
Mosman,Shoalhaven,0
North_Sydney,Shoalhaven,0
Ryde,Shoalhaven,0
Willoughby,Shoalhaven,0
Hornsby,Shoalhaven,3
Ku_ring_gai,Shoalhaven,0
Manly,Shoalhaven,0
Warringah,Shoalhaven,0
Gosford,Shoalhaven,0
Wyong,Shoalhaven,0
Cessnock,Shoalhaven,0
Lake_Macquarie,Shoalhaven,0
Maitland,Shoalhaven,0
Newcastle_Inner,Shoalhaven,0
Newcastle_Remainder,Shoalhaven,0
Port_Stephens,Shoalhaven,0
Kiama,Shoalhaven,250
Shell_harbour,Shoalhaven,49
Shoal_haven,Shoalhaven,7200
Wollong_ong,Shoalhaven,90
Botany,Wingecarribee,0
Leichhardt,Wingecarribee,3
Marrickville,Wingecarribee,0
South_Sydney,Wingecarribee,3
Sydney_Inner,Wingecarribee,3
Sydney_Remainder,Wingecarribee,0
Randwick,Wingecarribee,3
Waverley,Wingecarribee,3
Woollahra,Wingecarribee,8
Hurstville,Wingecarribee,0
Kogarah,Wingecarribee,0
Rockdale,Wingecarribee,3
Sutherland,Wingecarribee,11
Bankstown,Wingecarribee,3
Canterbury,Wingecarribee,3
Fairfield,Wingecarribee,0
Liverpool,Wingecarribee,4
Camden,Wingecarribee,17
Campbell_town,Wingecarribee,36
Wollon_dilly,Wingecarribee,288
Ashfield,Wingecarribee,3
Burwood,Wingecarribee,0
Concord,Wingecarribee,3
Drum_moyne,Wingecarribee,0
Strathfield,Wingecarribee,0
Auburn,Wingecarribee,0
Holroyd,Wingecarribee,6
Parramatta,Wingecarribee,4
Blue_Mountains,Wingecarribee,0
Hawkes_bury,Wingecarribee,0
Penrith,Wingecarribee,5
Baulkham_Hills,Wingecarribee,6
Blacktown,Wingecarribee,10
Hunters_Hill,Wingecarribee,3
Lane_Cove,Wingecarribee,3
Mosman,Wingecarribee,0
North_Sydney,Wingecarribee,3
Ryde,Wingecarribee,0
Willoughby,Wingecarribee,3
Hornsby,Wingecarribee,12
Ku_ring_gai,Wingecarribee,6
Manly,Wingecarribee,0
Warringah,Wingecarribee,9
Gosford,Wingecarribee,3
Wyong,Wingecarribee,0
Cessnock,Wingecarribee,0
Lake_Macquarie,Wingecarribee,3
Maitland,Wingecarribee,0
Newcastle_Inner,Wingecarribee,0
Newcastle_Remainder,Wingecarribee,3
Port_Stephens,Wingecarribee,0
Kiama,Wingecarribee,37
Shell_harbour,Wingecarribee,53
Shoal_haven,Wingecarribee,31
Wingecar_ribee,Wingecarribee,9260
Botany,Wollongong,0
Leichhardt,Wollongong,14
Marrickville,Wollongong,30
South_Sydney,Wollongong,27
Sydney_Inner,Wollongong,0
Sydney_Remainder,Wollongong,3
Randwick,Wollongong,39
Waverley,Wollongong,9
Woollahra,Wollongong,27
Hurstville,Wollongong,40
Kogarah,Wollongong,40
Rockdale,Wollongong,33
Sutherland,Wollongong,418
Bankstown,Wollongong,37
Canterbury,Wollongong,37
Fairfield,Wollongong,20
Liverpool,Wollongong,44
Camden,Wollongong,40
Campbell_town,Wollongong,170
Wollon_dilly,Wollongong,204
Ashfield,Wollongong,9
Burwood,Wollongong,0
Concord,Wollongong,0
Drum_moyne,Wollongong,3
Strathfield,Wollongong,3
Auburn,Wollongong,10
Holroyd,Wollongong,10
Parramatta,Wollongong,11
Blue_Mountains,Wollongong,6
Hawkes_bury,Wollongong,11
Penrith,Wollongong,23
Baulkham_Hills,Wollongong,10
Blacktown,Wollongong,13
Hunters_Hill,Wollongong,0
Lane_Cove,Wollongong,3
Mosman,Wollongong,3
North_Sydney,Wollongong,8
Ryde,Wollongong,12
Willoughby,Wollongong,3
Hornsby,Wollongong,9
Ku_ring_gai,Wollongong,8
Manly,Wollongong,0
Warringah,Wollongong,7
Gosford,Wollongong,0
Wyong,Wollongong,3
Cessnock,Wollongong,6
Lake_Macquarie,Wollongong,23
Maitland,Wollongong,0
Newcastle_Inner,Wollongong,0
Newcastle_Remainder,Wollongong,10
Port_Stephens,Wollongong,3
Kiama,Wollongong,1882
Shell_harbour,Wollongong,9596
Shoal_haven,Wollongong,241
Wingecar_ribee,Wollongong,239
Wollong_ong,Wollongong,48525
Botany,No fixed Workplace,6
Leichhardt,No fixed Workplace,7
Marrickville,No fixed Workplace,4
South_Sydney,No fixed Workplace,9
Sydney_Inner,No fixed Workplace,0
Sydney_Remainder,No fixed Workplace,0
Randwick,No fixed Workplace,23
Waverley,No fixed Workplace,19
Woollahra,No fixed Workplace,3
Hurstville,No fixed Workplace,24
Kogarah,No fixed Workplace,10
Rockdale,No fixed Workplace,21
Sutherland,No fixed Workplace,40
Bankstown,No fixed Workplace,21
Canterbury,No fixed Workplace,31
Fairfield,No fixed Workplace,33
Liverpool,No fixed Workplace,15
Camden,No fixed Workplace,6
Campbell_town,No fixed Workplace,14
Wollon_dilly,No fixed Workplace,3
Ashfield,No fixed Workplace,0
Burwood,No fixed Workplace,7
Concord,No fixed Workplace,3
Drum_moyne,No fixed Workplace,3
Strathfield,No fixed Workplace,6
Auburn,No fixed Workplace,18
Holroyd,No fixed Workplace,18
Parramatta,No fixed Workplace,17
Blue_Mountains,No fixed Workplace,31
Hawkes_bury,No fixed Workplace,10
Penrith,No fixed Workplace,45
Baulkham_Hills,No fixed Workplace,19
Blacktown,No fixed Workplace,43
Hunters_Hill,No fixed Workplace,0
Lane_Cove,No fixed Workplace,3
Mosman,No fixed Workplace,0
North_Sydney,No fixed Workplace,3
Ryde,No fixed Workplace,16
Willoughby,No fixed Workplace,14
Hornsby,No fixed Workplace,32
Ku_ring_gai,No fixed Workplace,9
Manly,No fixed Workplace,17
Warringah,No fixed Workplace,75
Gosford,No fixed Workplace,24
Wyong,No fixed Workplace,22
Cessnock,No fixed Workplace,18
Lake_Macquarie,No fixed Workplace,24
Maitland,No fixed Workplace,0
Newcastle_Inner,No fixed Workplace,0
Newcastle_Remainder,No fixed Workplace,9
Port_Stephens,No fixed Workplace,6
Kiama,No fixed Workplace,3
Shell_harbour,No fixed Workplace,21
Shoal_haven,No fixed Workplace,15
Wingecar_ribee,No fixed Workplace,3
Wollong_ong,No fixed Workplace,14
Botany,Unknown,1612
Leichhardt,Unknown,2520
Marrickville,Unknown,4158
South_Sydney,Unknown,3156
Sydney_Inner,Unknown,156
Sydney_Remainder,Unknown,256
Randwick,Unknown,5032
Waverley,Unknown,3008
Woollahra,Unknown,2588
Hurstville,Unknown,2568
Kogarah,Unknown,1942
Rockdale,Unknown,4290
Sutherland,Unknown,7220
Bankstown,Unknown,5870
Canterbury,Unknown,6369
Fairfield,Unknown,7779
Liverpool,Unknown,3883
Camden,Unknown,934
Campbell_town,Unknown,5019
Wollon_dilly,Unknown,1170
Ashfield,Unknown,2167
Burwood,Unknown,1341
Concord,Unknown,1001
Drum_moyne,Unknown,1290
Strathfield,Unknown,1096
Auburn,Unknown,2082
Holroyd,Unknown,3165
Parramatta,Unknown,5031
Blue_Mountains,Unknown,2615
Hawkes_bury,Unknown,2378
Penrith,Unknown,5805
Baulkham_Hills,Unknown,4342
Blacktown,Unknown,8023
Hunters_Hill,Unknown,439
Lane_Cove,Unknown,1058
Mosman,Unknown,1023
North_Sydney,Unknown,2241
Ryde,Unknown,3638
Willoughby,Unknown,2063
Hornsby,Unknown,4633
Ku_ring_gai,Unknown,3910
Manly,Unknown,1367
Warringah,Unknown,7475
Gosford,Unknown,4376
Wyong,Unknown,3079
Cessnock,Unknown,3241
Lake_Macquarie,Unknown,5425
Maitland,Unknown,3178
Newcastle_Inner,Unknown,141
Newcastle_Remainder,Unknown,4111
Port_Stephens,Unknown,1558
Kiama,Unknown,481
Shell_harbour,Unknown,1679
Shoal_haven,Unknown,1457
Wingecar_ribee,Unknown,1570
Wollong_ong,Unknown,5928
